{"featureCount":318,"formatVersion":1,"histograms":{"meta":[{"arrayParams":{"chunkSize":10000,"length":104,"urlTemplate":"hist-2000-{Chunk}.json"},"basesPerBin":"2000"},{"arrayParams":{"chunkSize":10000,"length":52,"urlTemplate":"hist-4000-{Chunk}.json"},"basesPerBin":"4000"}],"stats":[{"basesPerBin":"2000","max":26,"mean":3.21153846153846},{"basesPerBin":"4000","max":39,"mean":6.26923076923077}]},"intervals":{"classes":[{"attributes":["Start","End","Strand","Name","Seq_id"],"isArrayAttr":{}},{"attributes":["Start","End","Chunk"],"isArrayAttr":{"Sublist":1}}],"count":318,"lazyClass":1,"maxEnd":206700,"minStart":553,"nclist":[[0,553,885,-1,"match_part","Scaffold98"],[0,999,1054,-1,"match_part","Scaffold98"],[0,1055,1140,-1,"match_part","Scaffold98"],[0,3006,3145,1,"match_part","Scaffold98"],[0,3751,3819,1,"match_part","Scaffold98"],[0,4313,4442,1,"match_part","Scaffold98"],[0,4948,5027,1,"match_part","Scaffold98"],[0,5173,5266,1,"match_part","Scaffold98"],[0,5689,5784,1,"match_part","Scaffold98"],[0,6135,6213,1,"match_part","Scaffold98"],[0,6564,6640,1,"match_part","Scaffold98"],[0,6817,6852,1,"match_part","Scaffold98"],[0,7258,7337,1,"match_part","Scaffold98"],[0,8079,8142,1,"match_part","Scaffold98"],[0,8355,8367,1,"match_part","Scaffold98"],[0,8426,8480,1,"match_part","Scaffold98"],[0,9075,9122,1,"match_part","Scaffold98"],[0,9307,9396,1,"match_part","Scaffold98"],[0,24417,24435,-1,"match_part","Scaffold98"],[0,24455,24504,-1,"match_part","Scaffold98"],[0,24506,24514,-1,"match_part","Scaffold98"],[0,24516,24537,-1,"match_part","Scaffold98"],[0,24538,24569,-1,"match_part","Scaffold98"],[0,24577,24616,-1,"match_part","Scaffold98"],[0,24616,24696,-1,"match_part","Scaffold98"],[0,24766,24925,-1,"match_part","Scaffold98"],[0,25161,25245,-1,"match_part","Scaffold98"],[0,25577,25640,-1,"match_part","Scaffold98"],[0,25596,25640,-1,"match_part","Scaffold98"],[0,25823,25952,-1,"match_part","Scaffold98"],[0,25823,25952,-1,"match_part","Scaffold98"],[0,26165,26244,-1,"match_part","Scaffold98"],[0,26165,26244,-1,"match_part","Scaffold98"],[0,26364,26567,-1,"match_part","Scaffold98",{"Sublist":[[0,26364,26457,-1,"match_part","Scaffold98"]]}],[0,26567,26739,-1,"match_part","Scaffold98"],[0,26644,26739,-1,"match_part","Scaffold98"],[0,26898,26976,-1,"match_part","Scaffold98"],[0,26898,26976,-1,"match_part","Scaffold98"],[0,27117,27193,-1,"match_part","Scaffold98"],[0,27117,27193,-1,"match_part","Scaffold98"],[0,27186,27478,1,"match_part","Scaffold98"],[0,27406,27601,-1,"match_part","Scaffold98",{"Sublist":[[0,27406,27441,-1,"match_part","Scaffold98"]]}],[0,27478,27611,1,"match_part","Scaffold98",{"Sublist":[[0,27522,27601,-1,"match_part","Scaffold98"]]}],[0,27613,27646,1,"match_part","Scaffold98"],[0,27635,27931,1,"match_part","Scaffold98"],[0,27643,27931,-1,"match_part","Scaffold98",{"Sublist":[[0,27646,27704,1,"match_part","Scaffold98"],[0,27707,27735,1,"match_part","Scaffold98"]]}],[0,27735,28178,1,"match_part","Scaffold98",{"Sublist":[[0,27868,28175,-1,"match_part","Scaffold98",{"Sublist":[[0,27868,27931,-1,"match_part","Scaffold98"],[0,27994,28006,-1,"match_part","Scaffold98"],[0,27994,28006,-1,"match_part","Scaffold98"],[0,27994,28006,1,"match_part","Scaffold98"]]}]]}],[0,28121,28464,-1,"match_part","Scaffold98",{"Sublist":[[0,28121,28175,-1,"match_part","Scaffold98"],[0,28121,28175,1,"match_part","Scaffold98"],[0,28266,28313,-1,"match_part","Scaffold98"],[0,28266,28313,-1,"match_part","Scaffold98"],[0,28266,28313,1,"match_part","Scaffold98"]]}],[0,28469,28512,-1,"match_part","Scaffold98"],[0,28513,28543,-1,"match_part","Scaffold98"],[0,28691,28780,-1,"match_part","Scaffold98"],[0,28691,28780,-1,"match_part","Scaffold98"],[0,28691,28780,1,"match_part","Scaffold98"],[0,29048,29190,-1,"match_part","Scaffold98"],[0,29472,29646,-1,"match_part","Scaffold98"],[0,29650,29696,-1,"match_part","Scaffold98"],[0,29696,29776,-1,"match_part","Scaffold98"],[0,29842,29897,-1,"match_part","Scaffold98"],[0,29842,29897,-1,"match_part","Scaffold98"],[0,30018,30241,-1,"match_part","Scaffold98",{"Sublist":[[0,30018,30116,-1,"match_part","Scaffold98"]]}],[0,30242,30261,-1,"match_part","Scaffold98"],[0,30261,30271,-1,"match_part","Scaffold98"],[0,32785,32893,-1,"match_part","Scaffold98"],[0,33479,33543,-1,"match_part","Scaffold98"],[0,33872,33940,-1,"match_part","Scaffold98"],[0,35276,35383,-1,"match_part","Scaffold98"],[0,35767,35848,-1,"match_part","Scaffold98"],[0,36160,36300,-1,"match_part","Scaffold98"],[0,36300,36489,-1,"match_part","Scaffold98"],[0,37483,37534,-1,"match_part","Scaffold98"],[0,37645,37747,-1,"match_part","Scaffold98"],[0,38307,38367,-1,"match_part","Scaffold98"],[0,38743,38806,-1,"match_part","Scaffold98"],[0,38919,38957,-1,"match_part","Scaffold98"],[0,39159,39245,-1,"match_part","Scaffold98"],[0,39676,39745,-1,"match_part","Scaffold98"],[0,40012,40074,-1,"match_part","Scaffold98"],[0,40266,40381,-1,"match_part","Scaffold98"],[0,41063,41153,-1,"match_part","Scaffold98"],[0,41315,41394,-1,"match_part","Scaffold98"],[0,41943,42009,-1,"match_part","Scaffold98"],[0,42165,42328,-1,"match_part","Scaffold98"],[0,42756,42778,-1,"match_part","Scaffold98"],[0,47196,47300,-1,"match_part","Scaffold98"],[0,47300,47316,-1,"match_part","Scaffold98"],[0,47397,47730,-1,"match_part","Scaffold98"],[0,48616,48945,1,"match_part","Scaffold98"],[0,48948,49177,1,"match_part","Scaffold98"],[0,49594,49641,1,"match_part","Scaffold98"],[0,49769,49862,1,"match_part","Scaffold98"],[0,49770,49862,1,"match_part","Scaffold98"],[0,50284,50365,1,"match_part","Scaffold98"],[0,50284,50365,1,"match_part","Scaffold98"],[0,50482,50533,1,"match_part","Scaffold98"],[0,50482,50533,1,"match_part","Scaffold98"],[0,50714,50794,1,"match_part","Scaffold98",{"Sublist":[[0,50714,50788,1,"match_part","Scaffold98"]]}],[0,50795,50910,1,"match_part","Scaffold98"],[0,50919,51095,1,"match_part","Scaffold98",{"Sublist":[[0,50997,51079,1,"match_part","Scaffold98"]]}],[0,51098,51191,1,"match_part","Scaffold98"],[0,51143,51200,1,"match_part","Scaffold98"],[0,51626,51676,1,"match_part","Scaffold98"],[0,51677,51686,1,"match_part","Scaffold98"],[0,52009,52092,1,"match_part","Scaffold98"],[0,52364,52442,1,"match_part","Scaffold98"],[0,53262,53313,1,"match_part","Scaffold98"],[0,53569,53643,1,"match_part","Scaffold98"],[0,53814,53904,1,"match_part","Scaffold98"],[0,56434,56459,1,"match_part","Scaffold98"],[0,56473,56495,1,"match_part","Scaffold98"],[0,56550,56843,1,"match_part","Scaffold98"],[0,57140,57183,1,"match_part","Scaffold98"],[0,58776,59021,1,"match_part","Scaffold98"],[0,59021,59136,1,"match_part","Scaffold98"],[0,59159,59231,1,"match_part","Scaffold98"],[0,59234,59340,1,"match_part","Scaffold98"],[0,59764,59883,1,"match_part","Scaffold98"],[0,60138,60229,1,"match_part","Scaffold98"],[0,60769,60875,1,"match_part","Scaffold98"],[0,61091,61194,1,"match_part","Scaffold98"],[0,61306,61499,1,"match_part","Scaffold98"],[0,62156,62229,1,"match_part","Scaffold98"],[0,62372,62527,1,"match_part","Scaffold98"],[0,62614,62703,1,"match_part","Scaffold98"],[0,62864,63039,1,"match_part","Scaffold98"],[0,63202,63226,1,"match_part","Scaffold98"],[0,63226,63272,1,"match_part","Scaffold98"],[0,63355,63425,1,"match_part","Scaffold98"],[0,63608,63649,1,"match_part","Scaffold98"],[0,63721,63744,1,"match_part","Scaffold98"],[0,74237,74509,1,"match_part","Scaffold98"],[0,74564,74751,1,"match_part","Scaffold98"],[0,74816,75487,1,"match_part","Scaffold98"],[0,75487,75495,1,"match_part","Scaffold98"],[0,75495,75615,1,"match_part","Scaffold98"],[0,75590,75778,-1,"match_part","Scaffold98"],[0,76133,76543,-1,"match_part","Scaffold98"],[0,76696,76739,-1,"match_part","Scaffold98"],[0,76739,76823,-1,"match_part","Scaffold98"],[0,77585,77713,-1,"match_part","Scaffold98"],[0,78478,78587,-1,"match_part","Scaffold98"],[0,78927,78991,-1,"match_part","Scaffold98"],[0,79325,79463,-1,"match_part","Scaffold98"],[0,79948,79985,1,"match_part","Scaffold98"],[0,80088,80156,1,"match_part","Scaffold98"],[0,81204,81254,1,"match_part","Scaffold98"],[0,81255,