{"featureCount":402,"formatVersion":1,"histograms":{"meta":[{"arrayParams":{"chunkSize":10000,"length":147,"urlTemplate":"hist-2000-{Chunk}.json"},"basesPerBin":"2000"},{"arrayParams":{"chunkSize":10000,"length":74,"urlTemplate":"hist-4000-{Chunk}.json"},"basesPerBin":"4000"}],"stats":[{"basesPerBin":"2000","max":15,"mean":2.95918367346939},{"basesPerBin":"4000","max":28,"mean":5.62162162162162}]},"intervals":{"classes":[{"attributes":["Start","End","Strand","Name","Seq_id"],"isArrayAttr":{}},{"attributes":["Start","End","Chunk"],"isArrayAttr":{"Sublist":1}}],"count":402,"lazyClass":1,"maxEnd":292202,"minStart":3084,"nclist":[[0,3084,3222,-1,"match_part","Scaffold36"],[0,4187,4236,-1,"match_part","Scaffold36"],[0,4368,4494,-1,"match_part","Scaffold36"],[0,4846,4940,-1,"match_part","Scaffold36"],[0,5098,5188,-1,"match_part","Scaffold36"],[0,5849,5952,-1,"match_part","Scaffold36"],[0,6192,6270,-1,"match_part","Scaffold36"],[0,6608,6939,-1,"match_part","Scaffold36"],[0,7000,7011,-1,"match_part","Scaffold36"],[0,7012,7038,-1,"match_part","Scaffold36"],[0,7046,7063,-1,"match_part","Scaffold36"],[0,13386,13482,1,"match_part","Scaffold36"],[0,13626,13720,1,"match_part","Scaffold36"],[0,13800,14273,-1,"match_part","Scaffold36",{"Sublist":[[0,13881,14097,1,"match_part","Scaffold36"]]}],[0,14226,14376,1,"match_part","Scaffold36"],[0,14432,14631,1,"match_part","Scaffold36"],[0,14689,14852,1,"match_part","Scaffold36"],[0,14855,14934,1,"match_part","Scaffold36"],[0,14935,14947,1,"match_part","Scaffold36"],[0,16511,16721,-1,"match_part","Scaffold36"],[0,16722,16748,-1,"match_part","Scaffold36"],[0,16951,17143,-1,"match_part","Scaffold36"],[0,17266,17272,-1,"match_part","Scaffold36"],[0,17499,17742,-1,"match_part","Scaffold36"],[0,18031,18181,-1,"match_part","Scaffold36"],[0,18777,18976,-1,"match_part","Scaffold36"],[0,19046,19279,-1,"match_part","Scaffold36"],[0,19733,19754,-1,"match_part","Scaffold36"],[0,19796,19905,-1,"match_part","Scaffold36"],[0,20094,20171,-1,"match_part","Scaffold36"],[0,20472,20581,-1,"match_part","Scaffold36"],[0,20869,21061,-1,"match_part","Scaffold36"],[0,21236,21482,-1,"match_part","Scaffold36"],[0,21674,21824,-1,"match_part","Scaffold36"],[0,21878,22077,-1,"match_part","Scaffold36"],[0,22180,22524,-1,"match_part","Scaffold36"],[0,23581,23794,-1,"match_part","Scaffold36"],[0,24387,24501,-1,"match_part","Scaffold36"],[0,24996,25114,-1,"match_part","Scaffold36"],[0,25340,25471,-1,"match_part","Scaffold36"],[0,25972,26099,-1,"match_part","Scaffold36"],[0,26370,26457,-1,"match_part","Scaffold36"],[0,26632,26689,-1,"match_part","Scaffold36"],[0,26748,26808,-1,"match_part","Scaffold36"],[0,26856,26861,-1,"match_part","Scaffold36"],[0,27194,27350,-1,"match_part","Scaffold36"],[0,27364,27570,-1,"match_part","Scaffold36"],[0,27776,27845,-1,"match_part","Scaffold36"],[0,27848,27900,-1,"match_part","Scaffold36"],[0,28149,28247,-1,"match_part","Scaffold36"],[0,28428,28659,-1,"match_part","Scaffold36"],[0,29184,29323,-1,"match_part","Scaffold36"],[0,29413,29537,-1,"match_part","Scaffold36"],[0,29538,29542,-1,"match_part","Scaffold36"],[0,29542,29752,-1,"match_part","Scaffold36"],[0,29753,29894,-1,"match_part","Scaffold36"],[0,29753,29894,-1,"match_part","Scaffold36"],[0,30003,30204,-1,"match_part","Scaffold36",{"Sublist":[[0,30003,30159,-1,"match_part","Scaffold36"]]}],[0,30204,30602,-1,"match_part","Scaffold36"],[0,30681,30843,-1,"match_part","Scaffold36"],[0,31054,31149,-1,"match_part","Scaffold36"],[0,31345,31412,-1,"match_part","Scaffold36"],[0,31502,31664,-1,"match_part","Scaffold36"],[0,31991,32153,-1,"match_part","Scaffold36"],[0,32349,32485,-1,"match_part","Scaffold36"],[0,32569,32598,-1,"match_part","Scaffold36"],[0,32765,32962,-1,"match_part","Scaffold36"],[0,33266,33431,-1,"match_part","Scaffold36"],[0,34271,34354,-1,"match_part","Scaffold36"],[0,34654,34737,-1,"match_part","Scaffold36"],[0,34853,34911,-1,"match_part","Scaffold36"],[0,35132,35384,1,"match_part","Scaffold36"],[0,35567,35617,1,"match_part","Scaffold36"],[0,35715,35760,1,"match_part","Scaffold36"],[0,36048,36148,1,"match_part","Scaffold36"],[0,36400,36491,1,"match_part","Scaffold36"],[0,36796,36874,1,"match_part","Scaffold36"],[0,37151,37240,1,"match_part","Scaffold36"],[0,37490,37574,1,"match_part","Scaffold36"],[0,37810,37998,1,"match_part","Scaffold36"],[0,38195,38252,1,"match_part","Scaffold36"],[0,38581,38745,1,"match_part","Scaffold36"],[0,38721,39122,1,"match_part","Scaffold36"],[0,39206,39326,1,"match_part","Scaffold36"],[0,40009,40061,1,"match_part","Scaffold36"],[0,40457,40536,1,"match_part","Scaffold36"],[0,41050,41150,1,"match_part","Scaffold36"],[0,41332,41478,1,"match_part","Scaffold36"],[0,42441,42530,-1,"match_part","Scaffold36"],[0,42531,42541,-1,"match_part","Scaffold36"],[0,42956,43069,-1,"match_part","Scaffold36"],[0,43368,43488,-1,"match_part","Scaffold36"],[0,43814,43837,-1,"match_part","Scaffold36"],[0,43837,43849,-1,"match_part","Scaffold36"],[0,43856,43860,-1,"match_part","Scaffold36"],[0,43861,43881,-1,"match_part","Scaffold36"],[0,43881,43996,-1,"match_part","Scaffold36"],[0,45014,45074,1,"match_part","Scaffold36"],[0,45174,45227,1,"match_part","Scaffold36"],[0,45613,45797,1,"match_part","Scaffold36"],[0,45987,46024,1,"match_part","Scaffold36"],[0,49219,49227,1,"match_part","Scaffold36"],[0,49335,49476,1,"match_part","Scaffold36"],[0,49774,49794,1,"match_part","Scaffold36"],[0,49980,50052,1,"match_part","Scaffold36"],[0,50052,50069,1,"match_part","Scaffold36"],[0,50297,50366,1,"match_part","Scaffold36"],[0,50695,50788,1,"match_part","Scaffold36"],[0,50896,51004,1,"match_part","Scaffold36"],[0,51344,51454,1,"match_part","Scaffold36"],[0,52406,52430,1,"match_part","Scaffold36"],[0,52679,52821,1,"match_part","Scaffold36"],[0,53321,53472,1,"match_part","Scaffold36"],[0,53524,53587,1,"match_part","Scaffold36"],[0,53744,53888,1,"match_part","Scaffold36"],[0,53984,54018,1,"match_part","Scaffold36"],[0,54019,54061,1,"match_part","Scaffold36"],[0,54215,54407,1,"match_part","Scaffold36"],[0,54559,54695,1,"match_part","Scaffold36"],[0,55150,55228,1,"match_part","Scaffold36"],[0,55739,55812,1,"match_part","Scaffold36"],[0,58143,58263,-1,"match_part","Scaffold36"],[0,58516,58627,-1,"match_part","Scaffold36"],[0,59158,59276,-1,"match_part","Scaffold36"],[0,59373,59686,-1,"match_part","Scaffold36"],[0,59686,59696,-1,"match_part","Scaffold36"],[0,64079,64125,1,"match_part","Scaffold36"],[0,68422,68693,1,"match_part","Scaffold36"],[0,69016,69792,1,"match_part","Scaffold36"],[0,69615,69796,1,"match_part","Scaffold36"],[0,79241,79529,1,"match_part","Scaffold36"],[0,80602,80767,1,"match_part","Scaffold36"],[0,81203,81364,1,"match_part","Scaffold36"],[0,81777,81973,1,"match_part","Scaffold36"],[0,82541,82737,1,"match_part","Scaffold36"],[0,82737,82800,1,"match_part","Scaffold36"],[0,82958,83373,-1,"match_part","Scaffold36"],[0,84709,84905,-1,"match_part","Scaffold36"],[0,84905,85001,-1,"match_part","Scaffold36"],[0,85198,85275,-1,"match_part","Scaffold36"],[0,85385,85434,-1,"match_part","Scaffold36"],[0,85434,85453,-1,"match_part","Scaffold36"],[0,85649,85793,1,"match_part","Scaffold36"],[0,85909,86174,1,"match_part","Scaffold36"],[0,86269,86391,1,"match_part","Scaffold36"],[0,86493,86602,1,"match_part","Scaffold36"],[0,86736,87036,1,"match_part","Scaffold36"],[0,87181,87516,1,"match_part","Scaffold36"],[0,87831,87982,1,"match_part","Scaffold36"],[0,88261,88411,1,"match_part","Scaffold36"],[0,88659,88795,1,"match_part","Scaffold36"],[0,97663,97713,1,"match_part","Scaffold36"],[0,97861,98016,1,"match_part","Scaffold36"],[0,99212,99341,1,"match_part","Scaffold36"],[0,99737,99952,1,"match_part","Scaffold36"],[0,100125,100148,-1,"match_part","Scaffold36"],[0,100148,100167,-1,"match_part","Scaffold36"],[0,100174,100270,-1,"match_part","Scaffold36"],[0,101100,101201,-1,"match_part","Scaffold36"],[0,102760,102858,-1,"match_part","Scaffold36"],[0,103510,103665,-1,"match_part","Scaffold36"],[0,105002,105101,-1,"match_part","Scaffold36"],[0,105236,105287,-1,"match_part",