{"featureCount":393,"formatVersion":1,"histograms":{"meta":[{"arrayParams":{"chunkSize":10000,"length":108,"urlTemplate":"hist-2000-{Chunk}.json"},"basesPerBin":"2000"},{"arrayParams":{"chunkSize":10000,"length":54,"urlTemplate":"hist-4000-{Chunk}.json"},"basesPerBin":"4000"}],"stats":[{"basesPerBin":"2000","max":18,"mean":3.84259259259259},{"basesPerBin":"4000","max":22,"mean":7.51851851851852}]},"intervals":{"classes":[{"attributes":["Start","End","Strand","Name","Seq_id"],"isArrayAttr":{}},{"attributes":["Start","End","Chunk"],"isArrayAttr":{"Sublist":1}}],"count":393,"lazyClass":1,"maxEnd":214475,"minStart":6672,"nclist":[[0,6672,6789,-1,"match_part","Scaffold79"],[0,7114,7227,-1,"match_part","Scaffold79"],[0,7988,8065,-1,"match_part","Scaffold79"],[0,8221,8323,-1,"match_part","Scaffold79"],[0,8451,8506,-1,"match_part","Scaffold79"],[0,8664,8795,-1,"match_part","Scaffold79"],[0,8859,8922,-1,"match_part","Scaffold79"],[0,9674,9837,-1,"match_part","Scaffold79"],[0,9909,10008,-1,"match_part","Scaffold79"],[0,11034,11127,-1,"match_part","Scaffold79"],[0,11533,11681,-1,"match_part","Scaffold79"],[0,12037,12119,-1,"match_part","Scaffold79"],[0,12472,12516,-1,"match_part","Scaffold79"],[0,12573,12652,-1,"match_part","Scaffold79"],[0,12813,12858,-1,"match_part","Scaffold79"],[0,12937,13017,-1,"match_part","Scaffold79"],[0,13362,13405,-1,"match_part","Scaffold79"],[0,13617,13696,-1,"match_part","Scaffold79"],[0,14081,14148,-1,"match_part","Scaffold79"],[0,14229,14294,-1,"match_part","Scaffold79"],[0,14377,14499,-1,"match_part","Scaffold79"],[0,14958,15025,-1,"match_part","Scaffold79"],[0,15365,15422,-1,"match_part","Scaffold79"],[0,15552,15693,-1,"match_part","Scaffold79"],[0,15980,16057,-1,"match_part","Scaffold79"],[0,16174,16231,-1,"match_part","Scaffold79"],[0,16412,16461,-1,"match_part","Scaffold79"],[0,16629,16696,-1,"match_part","Scaffold79"],[0,16807,16879,-1,"match_part","Scaffold79"],[0,17020,17069,-1,"match_part","Scaffold79"],[0,17217,17315,-1,"match_part","Scaffold79"],[0,17569,17680,-1,"match_part","Scaffold79"],[0,18124,18344,1,"match_part","Scaffold79"],[0,18344,18468,1,"match_part","Scaffold79"],[0,18468,18527,1,"match_part","Scaffold79"],[0,19768,19869,-1,"match_part","Scaffold79"],[0,19874,20198,-1,"match_part","Scaffold79"],[0,20198,20238,-1,"match_part","Scaffold79"],[0,20238,20260,-1,"match_part","Scaffold79"],[0,20262,20285,-1,"match_part","Scaffold79"],[0,20285,20423,-1,"match_part","Scaffold79"],[0,22643,22774,1,"match_part","Scaffold79"],[0,22774,22846,1,"match_part","Scaffold79"],[0,22846,22857,1,"match_part","Scaffold79"],[0,22857,22994,1,"match_part","Scaffold79"],[0,23484,23563,1,"match_part","Scaffold79"],[0,23961,24056,1,"match_part","Scaffold79"],[0,24350,24547,1,"match_part","Scaffold79"],[0,24660,24775,1,"match_part","Scaffold79"],[0,24885,24952,1,"match_part","Scaffold79"],[0,25165,25329,1,"match_part","Scaffold79"],[0,25685,25809,1,"match_part","Scaffold79"],[0,25710,25809,1,"match_part","Scaffold79"],[0,25889,25962,1,"match_part","Scaffold79"],[0,25889,25962,1,"match_part","Scaffold79"],[0,25907,25962,1,"match_part","Scaffold79"],[0,26092,26741,1,"match_part","Scaffold79",{"Sublist":[[0,26092,26287,1,"match_part","Scaffold79"],[0,26092,26287,1,"match_part","Scaffold79",{"Sublist":[[0,26092,26286,1,"match_part","Scaffold79"]]}]]}],[0,26663,26741,1,"match_part","Scaffold79"],[0,26664,26741,1,"match_part","Scaffold79"],[0,26664,26741,1,"match_part","Scaffold79"],[0,27494,27577,1,"match_part","Scaffold79"],[0,27494,27577,1,"match_part","Scaffold79"],[0,27494,27577,1,"match_part","Scaffold79"],[0,27494,27577,1,"match_part","Scaffold79"],[0,27969,28402,1,"match_part","Scaffold79"],[0,28308,28422,1,"match_part","Scaffold79"],[0,28308,28422,1,"match_part","Scaffold79",{"Sublist":[[0,28308,28410,1,"match_part","Scaffold79",{"Sublist":[[0,28308,28346,1,"match_part","Scaffold79"]]}]]}],[0,28410,28422,1,"match_part","Scaffold79"],[0,29424,29788,1,"match_part","Scaffold79"],[0,29892,29993,1,"match_part","Scaffold79"],[0,30097,30299,1,"match_part","Scaffold79"],[0,30300,30698,1,"match_part","Scaffold79"],[0,31060,31120,1,"match_part","Scaffold79"],[0,31200,31314,1,"match_part","Scaffold79"],[0,31633,31953,1,"match_part","Scaffold79"],[0,32232,32451,1,"match_part","Scaffold79"],[0,33624,33716,1,"match_part","Scaffold79"],[0,34427,34551,1,"match_part","Scaffold79"],[0,34789,34912,1,"match_part","Scaffold79"],[0,35157,35316,1,"match_part","Scaffold79"],[0,35393,35502,1,"match_part","Scaffold79"],[0,35920,35979,1,"match_part","Scaffold79"],[0,36535,36657,1,"match_part","Scaffold79"],[0,36872,37134,1,"match_part","Scaffold79"],[0,37551,37601,1,"match_part","Scaffold79"],[0,37814,37979,1,"match_part","Scaffold79"],[0,38305,38392,1,"match_part","Scaffold79"],[0,38900,39656,1,"match_part","Scaffold79"],[0,39658,39719,1,"match_part","Scaffold79"],[0,39948,39956,1,"match_part","Scaffold79"],[0,39960,39984,1,"match_part","Scaffold79"],[0,39996,40023,1,"match_part","Scaffold79"],[0,40808,40815,1,"match_part","Scaffold79"],[0,52025,52175,1,"match_part","Scaffold79"],[0,52465,52533,1,"match_part","Scaffold79"],[0,53565,53771,1,"match_part","Scaffold79"],[0,54570,54749,1,"match_part","Scaffold79"],[0,54840,54946,1,"match_part","Scaffold79"],[0,55676,55804,1,"match_part","Scaffold79"],[0,56382,56488,1,"match_part","Scaffold79"],[0,56618,56746,1,"match_part","Scaffold79"],[0,57740,57843,1,"match_part","Scaffold79"],[0,58164,58295,1,"match_part","Scaffold79"],[0,58693,58802,1,"match_part","Scaffold79"],[0,59053,59181,1,"match_part","Scaffold79"],[0,59436,59536,1,"match_part","Scaffold79"],[0,60211,60339,1,"match_part","Scaffold79"],[0,67616,67676,-1,"match_part","Scaffold79"],[0,67908,67952,-1,"match_part","Scaffold79"],[0,67952,68050,-1,"match_part","Scaffold79"],[0,68305,68396,-1,"match_part","Scaffold79"],[0,68732,68916,-1,"match_part","Scaffold79"],[0,80476,80933,1,"match_part","Scaffold79"],[0,80933,80951,1,"match_part","Scaffold79"],[0,81177,81222,1,"match_part","Scaffold79"],[0,82783,82794,1,"match_part","Scaffold79"],[0,84928,85078,1,"match_part","Scaffold79"],[0,85831,85983,1,"match_part","Scaffold79"],[0,86336,86431,1,"match_part","Scaffold79"],[0,86912,87034,1,"match_part","Scaffold79"],[0,87436,87444,1,"match_part","Scaffold79"],[0,87450,87626,1,"match_part","Scaffold79"],[0,87912,88281,1,"match_part","Scaffold79"],[0,88281,88289,1,"match_part","Scaffold79"],[0,88298,88356,1,"match_part","Scaffold79"],[0,88357,88396,1,"match_part","Scaffold79"],[0,88399,88452,1,"match_part","Scaffold79"],[0,88454,88476,1,"match_part","Scaffold79"],[0,88476,88537,1,"match_part","Scaffold79"],[0,88543,88553,1,"match_part","Scaffold79"],[0,88553,88683,1,"match_part","Scaffold79"],[0,88942,88948,1,"match_part","Scaffold79"],[0,90539,90751,1,"match_part","Scaffold79"],[0,90868,91047,1,"match_part","Scaffold79"],[0,91229,91566,1,"match_part","Scaffold79"],[0,91788,91820,1,"match_part","Scaffold79"],[0,91821,91844,1,"match_part","Scaffold79"],[0,92659,92796,1,"match_part","Scaffold79"],[0,93031,93152,1,"match_part","Scaffold79"],[0,93211,93315,1,"match_part","Scaffold79"],[0,93400,93702,1,"match_part","Scaffold79"],[0,95279,95539,1,"match_part","Scaffold79"],[0,95735,95815,1,"match_part","Scaffold79"],[0,96707,96769,1,"match_part","Scaffold79"],[0,97460,97499,1,"match_part","Scaffold79"],[0,97499,98094,1,"match_part","Scaffold79"],[0,98875,99057,1,"match_part","Scaffold79"],[0,101390,101472,-1,"match_part","Scaffold79"],[0,102150,102229,-1,"match_part","Scaffold79"],[0,102644,102969,-1,"match_part","Scaffold79"],[0,103399,103558,-1,"match_part","Scaffold79"],[0,104083,104334,-1,"match_part","Scaffold79"],[0,104636,104734,-1,"match_part","Scaffold79"],[0,104807,104909,-1,"match_part","Scaffold79"],[0,105000,105109,-1,"match_part","Scaffold79"],[0,105272,105466,-1,"match_part","Scaffold79"],[0,105618,105732,-1,"match_part","Scaffold79"],[0,107218,107449,-1,"match_part","Scaffold79"],[0,107600,107749,-1,"match_part","Scaffold79"],[0,107815,107910,-1,