{"featureCount":349,"formatVersion":1,"histograms":{"meta":[{"arrayParams":{"chunkSize":10000,"length":108,"urlTemplate":"hist-2000-{Chunk}.json"},"basesPerBin":"2000"},{"arrayParams":{"chunkSize":10000,"length":54,"urlTemplate":"hist-4000-{Chunk}.json"},"basesPerBin":"4000"}],"stats":[{"basesPerBin":"2000","max":19,"mean":3.52777777777778},{"basesPerBin":"4000","max":21,"mean":6.68518518518519}]},"intervals":{"classes":[{"attributes":["Start","End","Strand","Name","Seq_id"],"isArrayAttr":{}},{"attributes":["Start","End","Chunk"],"isArrayAttr":{"Sublist":1}}],"count":349,"lazyClass":1,"maxEnd":215692,"minStart":3210,"nclist":[[0,3210,3347,-1,"match_part","Scaffold83"],[0,4207,4339,-1,"match_part","Scaffold83"],[0,4456,4525,-1,"match_part","Scaffold83"],[0,5098,5284,-1,"match_part","Scaffold83"],[0,5780,5868,-1,"match_part","Scaffold83"],[0,5974,6218,-1,"match_part","Scaffold83"],[0,6367,6469,-1,"match_part","Scaffold83"],[0,6656,6738,-1,"match_part","Scaffold83"],[0,6788,6980,-1,"match_part","Scaffold83"],[0,7093,7179,1,"match_part","Scaffold83"],[0,7179,7222,1,"match_part","Scaffold83"],[0,7270,7452,1,"match_part","Scaffold83"],[0,7531,7593,1,"match_part","Scaffold83"],[0,7679,7835,1,"match_part","Scaffold83"],[0,7835,7925,1,"match_part","Scaffold83"],[0,7928,8111,1,"match_part","Scaffold83"],[0,8124,8229,1,"match_part","Scaffold83"],[0,8230,8555,1,"match_part","Scaffold83"],[0,10164,10279,-1,"match_part","Scaffold83"],[0,10262,10365,-1,"match_part","Scaffold83",{"Sublist":[[0,10294,10328,-1,"match_part","Scaffold83"]]}],[0,10330,10416,-1,"match_part","Scaffold83"],[0,10588,10597,-1,"match_part","Scaffold83"],[0,10747,11062,-1,"match_part","Scaffold83"],[0,12342,12848,-1,"match_part","Scaffold83"],[0,13918,14144,-1,"match_part","Scaffold83"],[0,14452,14705,-1,"match_part","Scaffold83"],[0,14705,14909,-1,"match_part","Scaffold83"],[0,15115,15227,-1,"match_part","Scaffold83"],[0,15634,15763,-1,"match_part","Scaffold83"],[0,16122,16397,-1,"match_part","Scaffold83"],[0,16519,16640,-1,"match_part","Scaffold83"],[0,16740,16948,-1,"match_part","Scaffold83"],[0,17276,17343,-1,"match_part","Scaffold83"],[0,17833,18114,-1,"match_part","Scaffold83"],[0,23861,23884,-1,"match_part","Scaffold83"],[0,24203,24446,-1,"match_part","Scaffold83"],[0,24691,24969,-1,"match_part","Scaffold83"],[0,25186,25319,-1,"match_part","Scaffold83"],[0,25664,25771,-1,"match_part","Scaffold83"],[0,25876,26084,-1,"match_part","Scaffold83"],[0,26243,26938,-1,"match_part","Scaffold83"],[0,27019,27152,-1,"match_part","Scaffold83"],[0,27262,27369,-1,"match_part","Scaffold83"],[0,27598,27722,-1,"match_part","Scaffold83"],[0,28183,28267,-1,"match_part","Scaffold83"],[0,28381,28561,-1,"match_part","Scaffold83"],[0,32313,32520,-1,"match_part","Scaffold83"],[0,32712,32816,-1,"match_part","Scaffold83"],[0,32878,33088,-1,"match_part","Scaffold83"],[0,33240,33373,-1,"match_part","Scaffold83"],[0,33448,33555,-1,"match_part","Scaffold83"],[0,34154,34281,-1,"match_part","Scaffold83"],[0,34368,34452,-1,"match_part","Scaffold83"],[0,34519,35220,-1,"match_part","Scaffold83"],[0,35573,35706,-1,"match_part","Scaffold83"],[0,35841,35948,-1,"match_part","Scaffold83"],[0,36233,36357,-1,"match_part","Scaffold83"],[0,36439,36523,-1,"match_part","Scaffold83"],[0,36758,37145,-1,"match_part","Scaffold83"],[0,37255,37359,-1,"match_part","Scaffold83"],[0,37817,38027,-1,"match_part","Scaffold83"],[0,38606,38739,-1,"match_part","Scaffold83"],[0,38805,38912,-1,"match_part","Scaffold83"],[0,39194,39405,-1,"match_part","Scaffold83"],[0,39818,40519,-1,"match_part","Scaffold83"],[0,40574,40707,-1,"match_part","Scaffold83"],[0,40764,40871,-1,"match_part","Scaffold83"],[0,40985,41193,-1,"match_part","Scaffold83"],[0,41429,41766,-1,"match_part","Scaffold83"],[0,41794,41816,-1,"match_part","Scaffold83"],[0,41974,42079,-1,"match_part","Scaffold83"],[0,42313,42526,-1,"match_part","Scaffold83"],[0,42689,42909,-1,"match_part","Scaffold83"],[0,43089,43177,-1,"match_part","Scaffold83"],[0,44008,44046,1,"match_part","Scaffold83"],[0,44160,44204,1,"match_part","Scaffold83"],[0,44391,44743,1,"match_part","Scaffold83"],[0,46258,46345,1,"match_part","Scaffold83"],[0,46479,46607,1,"match_part","Scaffold83"],[0,47045,47228,1,"match_part","Scaffold83"],[0,47383,47550,1,"match_part","Scaffold83"],[0,47646,47702,1,"match_part","Scaffold83"],[0,47799,47928,1,"match_part","Scaffold83"],[0,48257,48343,-1,"match_part","Scaffold83"],[0,48911,48992,-1,"match_part","Scaffold83"],[0,49181,49276,-1,"match_part","Scaffold83"],[0,49551,49661,-1,"match_part","Scaffold83"],[0,49760,49833,-1,"match_part","Scaffold83"],[0,49918,50000,-1,"match_part","Scaffold83"],[0,50064,50126,-1,"match_part","Scaffold83"],[0,50179,50253,-1,"match_part","Scaffold83"],[0,50311,50417,-1,"match_part","Scaffold83"],[0,50469,50645,-1,"match_part","Scaffold83"],[0,58168,58875,1,"match_part","Scaffold83",{"Sublist":[[0,58366,58460,1,"match_part","Scaffold83"]]}],[0,58801,59435,1,"match_part","Scaffold83"],[0,61115,61296,1,"match_part","Scaffold83"],[0,61399,61493,1,"match_part","Scaffold83"],[0,61861,62067,1,"match_part","Scaffold83"],[0,62067,62088,1,"match_part","Scaffold83"],[0,62088,62094,1,"match_part","Scaffold83"],[0,64524,64969,1,"match_part","Scaffold83"],[0,67191,67386,-1,"match_part","Scaffold83"],[0,67863,68039,-1,"match_part","Scaffold83"],[0,68151,68263,-1,"match_part","Scaffold83"],[0,68547,68634,-1,"match_part","Scaffold83"],[0,69697,70020,-1,"match_part","Scaffold83"],[0,70332,70462,-1,"match_part","Scaffold83"],[0,70943,71052,-1,"match_part","Scaffold83"],[0,71396,71470,-1,"match_part","Scaffold83"],[0,71585,71717,-1,"match_part","Scaffold83"],[0,72113,72219,-1,"match_part","Scaffold83"],[0,72789,72870,-1,"match_part","Scaffold83"],[0,73606,73738,-1,"match_part","Scaffold83"],[0,74174,74366,-1,"match_part","Scaffold83"],[0,74781,74896,-1,"match_part","Scaffold83"],[0,75089,75144,-1,"match_part","Scaffold83"],[0,75349,75425,-1,"match_part","Scaffold83"],[0,75527,75610,-1,"match_part","Scaffold83"],[0,75767,75923,-1,"match_part","Scaffold83"],[0,76112,76322,-1,"match_part","Scaffold83"],[0,76445,76476,-1,"match_part","Scaffold83"],[0,76476,76732,-1,"match_part","Scaffold83"],[0,76779,76859,-1,"match_part","Scaffold83"],[0,77026,77116,-1,"match_part","Scaffold83"],[0,77178,77290,-1,"match_part","Scaffold83"],[0,77515,77618,-1,"match_part","Scaffold83"],[0,77618,77672,-1,"match_part","Scaffold83"],[0,77672,77798,-1,"match_part","Scaffold83"],[0,77801,77820,-1,"match_part","Scaffold83"],[0,77821,77884,-1,"match_part","Scaffold83"],[0,77920,78105,-1,"match_part","Scaffold83"],[0,78258,78380,-1,"match_part","Scaffold83"],[0,79114,79236,-1,"match_part","Scaffold83"],[0,79902,79944,-1,"match_part","Scaffold83"],[0,80060,80142,-1,"match_part","Scaffold83"],[0,80459,80569,-1,"match_part","Scaffold83"],[0,80833,80904,-1,"match_part","Scaffold83"],[0,81341,81549,-1,"match_part","Scaffold83"],[0,81649,81700,-1,"match_part","Scaffold83"],[0,81799,81871,-1,"match_part","Scaffold83"],[0,81972,82045,-1,"match_part","Scaffold83"],[0,82185,82232,-1,"match_part","Scaffold83"],[0,82370,82454,-1,"match_part","Scaffold83"],[0,82722,82959,-1,"match_part","Scaffold83"],[0,83014,83268,-1,"match_part","Scaffold83"],[0,83424,83885,-1,"match_part","Scaffold83"],[0,83895,83915,-1,"match_part","Scaffold83"],[0,83924,83937,-1,"match_part","Scaffold83"],[0,84066,84308,-1,"match_part","Scaffold83"],[0,84567,84683,-1,"match_part","Scaffold83"],[0,84748,84878,-1,"match_part","Scaffold83"],[0,85226,85320,-1,"match_part","Scaffold83"],[0,85600,85711,-1,"match_part","Scaffold83"],[0,86314,86412,-1,"match_part","Scaffold83"],[0,86809,86847,-1,"match_part","Scaffold83"],[0,86898,87100,-1,"match_part","Scaffold83"],[0,87322,87420,-1,"match_part","Scaffold83"],[0,87743,87860,-1,"match_part","Scaffold83"],[0,88203,88331,-1,"match_part","Scaffold83"],[0,90775,90878,1,"match_part","Scaffold83"],[0,91146,91207,1,"match_part","Scaffold83"],[0,91328,91368,1,"match_part","Scaffold83"],[0,91796,91838,1,