{"featureCount":325,"formatVersion":1,"histograms":{"meta":[{"arrayParams":{"chunkSize":10000,"length":106,"urlTemplate":"hist-2000-{Chunk}.json"},"basesPerBin":"2000"},{"arrayParams":{"chunkSize":10000,"length":53,"urlTemplate":"hist-4000-{Chunk}.json"},"basesPerBin":"4000"}],"stats":[{"basesPerBin":"2000","max":10,"mean":3.29245283018868},{"basesPerBin":"4000","max":16,"mean":6.33962264150943}]},"intervals":{"classes":[{"attributes":["Start","End","Strand","Name","Seq_id"],"isArrayAttr":{}},{"attributes":["Start","End","Chunk"],"isArrayAttr":{"Sublist":1}}],"count":325,"lazyClass":1,"maxEnd":211110,"minStart":5280,"nclist":[[0,5280,5449,-1,"match_part","Scaffold81"],[0,5764,5774,-1,"match_part","Scaffold81"],[0,5780,6053,-1,"match_part","Scaffold81"],[0,6340,6493,-1,"match_part","Scaffold81"],[0,6670,6757,-1,"match_part","Scaffold81"],[0,7089,7247,-1,"match_part","Scaffold81"],[0,8140,8456,-1,"match_part","Scaffold81"],[0,8140,8456,-1,"match_part","Scaffold81"],[0,8509,8747,-1,"match_part","Scaffold81",{"Sublist":[[0,8509,8540,-1,"match_part","Scaffold81"]]}],[0,8814,8898,-1,"match_part","Scaffold81"],[0,8946,9115,-1,"match_part","Scaffold81"],[0,9284,9353,-1,"match_part","Scaffold81"],[0,9643,9962,-1,"match_part","Scaffold81"],[0,10204,10737,-1,"match_part","Scaffold81"],[0,10595,10737,-1,"match_part","Scaffold81"],[0,11023,11746,-1,"match_part","Scaffold81",{"Sublist":[[0,11023,11109,-1,"match_part","Scaffold81"],[0,11116,11258,-1,"match_part","Scaffold81"],[0,11380,11425,-1,"match_part","Scaffold81"],[0,11425,11437,-1,"match_part","Scaffold81"]]}],[0,12995,13434,-1,"match_part","Scaffold81"],[0,13881,14251,-1,"match_part","Scaffold81"],[0,14321,14482,-1,"match_part","Scaffold81"],[0,15488,15624,-1,"match_part","Scaffold81"],[0,15686,15935,-1,"match_part","Scaffold81"],[0,15987,16113,-1,"match_part","Scaffold81"],[0,16165,16247,-1,"match_part","Scaffold81"],[0,16299,16436,-1,"match_part","Scaffold81"],[0,16578,16658,-1,"match_part","Scaffold81"],[0,16712,16774,-1,"match_part","Scaffold81"],[0,16865,16982,-1,"match_part","Scaffold81"],[0,17075,17185,-1,"match_part","Scaffold81"],[0,17330,17450,-1,"match_part","Scaffold81"],[0,17622,17951,-1,"match_part","Scaffold81"],[0,18191,18317,-1,"match_part","Scaffold81"],[0,18419,18520,-1,"match_part","Scaffold81"],[0,18618,18685,-1,"match_part","Scaffold81"],[0,18745,18926,-1,"match_part","Scaffold81"],[0,19155,19325,-1,"match_part","Scaffold81"],[0,19373,19463,-1,"match_part","Scaffold81"],[0,19880,20092,-1,"match_part","Scaffold81"],[0,20193,20264,-1,"match_part","Scaffold81"],[0,20426,20556,-1,"match_part","Scaffold81"],[0,20841,21014,-1,"match_part","Scaffold81"],[0,21197,21305,-1,"match_part","Scaffold81"],[0,21951,22037,-1,"match_part","Scaffold81"],[0,22216,22265,-1,"match_part","Scaffold81"],[0,23017,23116,-1,"match_part","Scaffold81"],[0,23490,23670,-1,"match_part","Scaffold81"],[0,23991,24139,-1,"match_part","Scaffold81"],[0,24394,24503,-1,"match_part","Scaffold81"],[0,25153,25304,-1,"match_part","Scaffold81"],[0,26454,26563,-1,"match_part","Scaffold81"],[0,26731,26956,-1,"match_part","Scaffold81"],[0,28693,28943,-1,"match_part","Scaffold81"],[0,29488,29697,-1,"match_part","Scaffold81"],[0,29856,29944,-1,"match_part","Scaffold81"],[0,31982,32082,-1,"match_part","Scaffold81"],[0,32418,32473,-1,"match_part","Scaffold81"],[0,32858,33137,-1,"match_part","Scaffold81"],[0,34164,34317,-1,"match_part","Scaffold81"],[0,36841,37452,1,"match_part","Scaffold81"],[0,38589,38593,-1,"match_part","Scaffold81"],[0,38593,38786,-1,"match_part","Scaffold81"],[0,40714,40760,1,"match_part","Scaffold81"],[0,40991,41088,1,"match_part","Scaffold81"],[0,41309,41483,1,"match_part","Scaffold81"],[0,43286,43425,1,"match_part","Scaffold81"],[0,47252,47262,1,"match_part","Scaffold81"],[0,47297,47691,1,"match_part","Scaffold81"],[0,47967,48000,1,"match_part","Scaffold81"],[0,48000,48205,1,"match_part","Scaffold81"],[0,51234,51402,1,"match_part","Scaffold81"],[0,51402,51434,1,"match_part","Scaffold81"],[0,51434,51515,1,"match_part","Scaffold81"],[0,51526,51818,1,"match_part","Scaffold81"],[0,52096,52213,1,"match_part","Scaffold81"],[0,52483,52585,1,"match_part","Scaffold81"],[0,52765,52868,1,"match_part","Scaffold81"],[0,53258,53437,1,"match_part","Scaffold81"],[0,54163,54177,1,"match_part","Scaffold81"],[0,54607,54742,1,"match_part","Scaffold81"],[0,55315,55393,1,"match_part","Scaffold81"],[0,55608,55985,1,"match_part","Scaffold81"],[0,56192,56285,1,"match_part","Scaffold81"],[0,56885,57001,1,"match_part","Scaffold81"],[0,57346,57442,1,"match_part","Scaffold81"],[0,57751,57812,1,"match_part","Scaffold81"],[0,58111,58256,1,"match_part","Scaffold81"],[0,58791,58959,1,"match_part","Scaffold81"],[0,59257,59392,1,"match_part","Scaffold81"],[0,59675,59794,1,"match_part","Scaffold81"],[0,60064,60154,1,"match_part","Scaffold81"],[0,60407,60798,1,"match_part","Scaffold81"],[0,60870,61019,1,"match_part","Scaffold81"],[0,61177,61340,1,"match_part","Scaffold81"],[0,61913,62039,1,"match_part","Scaffold81"],[0,62175,62296,1,"match_part","Scaffold81"],[0,62716,62880,1,"match_part","Scaffold81"],[0,67974,68159,-1,"match_part","Scaffold81"],[0,68388,68440,-1,"match_part","Scaffold81"],[0,68687,68803,-1,"match_part","Scaffold81"],[0,71415,71529,1,"match_part","Scaffold81"],[0,71695,71884,1,"match_part","Scaffold81"],[0,71884,71929,1,"match_part","Scaffold81"],[0,72865,72993,1,"match_part","Scaffold81"],[0,73185,73300,1,"match_part","Scaffold81"],[0,73519,73633,1,"match_part","Scaffold81"],[0,73921,74029,1,"match_part","Scaffold81"],[0,74540,74665,1,"match_part","Scaffold81"],[0,75058,75164,1,"match_part","Scaffold81"],[0,75482,75610,1,"match_part","Scaffold81"],[0,76360,76463,1,"match_part","Scaffold81"],[0,76720,76884,1,"match_part","Scaffold81"],[0,77096,77311,1,"match_part","Scaffold81"],[0,77466,77536,1,"match_part","Scaffold81"],[0,77547,77552,1,"match_part","Scaffold81"],[0,77671,77814,1,"match_part","Scaffold81"],[0,78096,78199,1,"match_part","Scaffold81"],[0,78367,78439,1,"match_part","Scaffold81"],[0,78560,78710,1,"match_part","Scaffold81"],[0,78973,79058,1,"match_part","Scaffold81"],[0,79237,79329,1,"match_part","Scaffold81"],[0,79513,79590,1,"match_part","Scaffold81"],[0,79897,79966,1,"match_part","Scaffold81"],[0,80127,80237,1,"match_part","Scaffold81"],[0,80845,80902,1,"match_part","Scaffold81"],[0,80952,80988,1,"match_part","Scaffold81"],[0,81049,81087,1,"match_part","Scaffold81"],[0,81304,81320,1,"match_part","Scaffold81"],[0,81320,81358,1,"match_part","Scaffold81"],[0,81452,81637,-1,"match_part","Scaffold81"],[0,81970,82164,-1,"match_part","Scaffold81"],[0,82265,82360,-1,"match_part","Scaffold81"],[0,82409,82518,-1,"match_part","Scaffold81"],[0,82568,82729,-1,"match_part","Scaffold81"],[0,82869,83027,-1,"match_part","Scaffold81"],[0,83152,83301,-1,"match_part","Scaffold81"],[0,83417,83610,-1,"match_part","Scaffold81"],[0,83756,83932,-1,"match_part","Scaffold81"],[0,84282,84403,-1,"match_part","Scaffold81"],[0,85559,85661,1,"match_part","Scaffold81"],[0,85959,85998,1,"match_part","Scaffold81"],[0,86133,86248,1,"match_part","Scaffold81"],[0,86490,86600,1,"match_part","Scaffold81"],[0,86849,86935,1,"match_part","Scaffold81"],[0,87347,87619,1,"match_part","Scaffold81"],[0,88055,88215,1,"match_part","Scaffold81"],[0,88315,88381,1,"match_part","Scaffold81"],[0,88518,88816,1,"match_part","Scaffold81"],[0,88906,89168,-1,"match_part","Scaffold81"],[0,89316,89417,-1,"match_part","Scaffold81"],[0,89667,89784,-1,"match_part","Scaffold81"],[0,91384,91513,-1,"match_part","Scaffold81"],[0,91889,92012,-1,"match_part","Scaffold81"],[0,92555,92678,-1,"match_part","Scaffold81"],[0,93057,93183,-1,"match_part","Scaffold81"],[0,93713,93833,-1,"match_part","Scaffold81"],[0,94161,94287,-1,"match_part","Scaffold81"],[0,94655,94784,-1,"match_part","Scaffold81"],[0,95068,95194,-1,"match_part","Scaffold81"],[0,95507,95633,-1,"match_part","Scaffold81"],[0,95869,95995,-1,"match_part","Scaffold81"],[0,96414,96543,-1,"match_part","Scaffold81"],[0,96653,96785,