{"featureCount":293,"formatVersion":1,"histograms":{"meta":[{"arrayParams":{"chunkSize":10000,"length":116,"urlTemplate":"hist-2000-{Chunk}.json"},"basesPerBin":"2000"},{"arrayParams":{"chunkSize":10000,"length":58,"urlTemplate":"hist-4000-{Chunk}.json"},"basesPerBin":"4000"}],"stats":[{"basesPerBin":"2000","max":11,"mean":2.73275862068966},{"basesPerBin":"4000","max":16,"mean":5.22413793103448}]},"intervals":{"classes":[{"attributes":["Start","End","Strand","Name","Seq_id"],"isArrayAttr":{}},{"attributes":["Start","End","Chunk"],"isArrayAttr":{"Sublist":1}}],"count":293,"lazyClass":1,"maxEnd":231175,"minStart":5349,"nclist":[[0,5349,5383,1,"match_part","Scaffold67"],[0,5919,6019,1,"match_part","Scaffold67"],[0,6176,6240,1,"match_part","Scaffold67"],[0,6392,6456,1,"match_part","Scaffold67"],[0,6584,6732,1,"match_part","Scaffold67"],[0,7138,7348,1,"match_part","Scaffold67"],[0,7712,7817,1,"match_part","Scaffold67"],[0,8141,8210,1,"match_part","Scaffold67"],[0,8687,8830,1,"match_part","Scaffold67"],[0,21413,21516,-1,"match_part","Scaffold67"],[0,21566,21652,-1,"match_part","Scaffold67"],[0,22155,22230,-1,"match_part","Scaffold67"],[0,22631,22710,-1,"match_part","Scaffold67"],[0,22931,23014,-1,"match_part","Scaffold67"],[0,23181,23262,-1,"match_part","Scaffold67"],[0,23487,23566,-1,"match_part","Scaffold67"],[0,23820,23937,-1,"match_part","Scaffold67"],[0,24028,24056,-1,"match_part","Scaffold67"],[0,37642,38177,-1,"match_part","Scaffold67"],[0,39172,39271,-1,"match_part","Scaffold67"],[0,39357,39427,-1,"match_part","Scaffold67"],[0,39596,39745,-1,"match_part","Scaffold67"],[0,39910,40000,-1,"match_part","Scaffold67"],[0,40594,40717,-1,"match_part","Scaffold67"],[0,41041,41190,-1,"match_part","Scaffold67"],[0,41700,41799,-1,"match_part","Scaffold67"],[0,42046,42200,-1,"match_part","Scaffold67"],[0,42432,42774,-1,"match_part","Scaffold67"],[0,43153,43294,-1,"match_part","Scaffold67"],[0,43516,43565,-1,"match_part","Scaffold67"],[0,43657,43802,-1,"match_part","Scaffold67"],[0,43958,44099,-1,"match_part","Scaffold67"],[0,44320,44498,-1,"match_part","Scaffold67"],[0,44683,44788,-1,"match_part","Scaffold67"],[0,44981,45136,-1,"match_part","Scaffold67"],[0,45273,45378,-1,"match_part","Scaffold67"],[0,45725,45858,-1,"match_part","Scaffold67"],[0,46111,46144,-1,"match_part","Scaffold67"],[0,46219,46378,-1,"match_part","Scaffold67"],[0,46488,46566,-1,"match_part","Scaffold67"],[0,46619,46701,-1,"match_part","Scaffold67"],[0,46790,46889,-1,"match_part","Scaffold67"],[0,46989,47066,-1,"match_part","Scaffold67"],[0,47150,47235,-1,"match_part","Scaffold67"],[0,47324,47550,-1,"match_part","Scaffold67"],[0,47730,47800,-1,"match_part","Scaffold67"],[0,47888,47947,-1,"match_part","Scaffold67"],[0,48139,48209,-1,"match_part","Scaffold67"],[0,48324,48371,-1,"match_part","Scaffold67"],[0,48493,48810,-1,"match_part","Scaffold67"],[0,48948,48997,-1,"match_part","Scaffold67"],[0,49064,49131,-1,"match_part","Scaffold67"],[0,49182,49212,-1,"match_part","Scaffold67"],[0,49272,49325,-1,"match_part","Scaffold67"],[0,49407,49457,-1,"match_part","Scaffold67"],[0,49529,49543,-1,"match_part","Scaffold67"],[0,49643,49727,-1,"match_part","Scaffold67"],[0,56255,56522,-1,"match_part","Scaffold67"],[0,59578,60343,-1,"match_part","Scaffold67"],[0,60343,60579,-1,"match_part","Scaffold67"],[0,60579,60878,-1,"match_part","Scaffold67"],[0,74709,74792,1,"match_part","Scaffold67"],[0,74919,75052,1,"match_part","Scaffold67"],[0,75637,75827,1,"match_part","Scaffold67"],[0,76397,76489,1,"match_part","Scaffold67"],[0,76563,76653,1,"match_part","Scaffold67"],[0,77262,77478,1,"match_part","Scaffold67"],[0,77380,77478,1,"match_part","Scaffold67"],[0,77981,78145,1,"match_part","Scaffold67",{"Sublist":[[0,77981,78121,1,"match_part","Scaffold67"],[0,78124,78134,1,"match_part","Scaffold67"]]}],[0,78140,78149,1,"match_part","Scaffold67"],[0,79422,79614,-1,"match_part","Scaffold67"],[0,79757,79946,-1,"match_part","Scaffold67"],[0,80284,80394,-1,"match_part","Scaffold67"],[0,80511,80613,-1,"match_part","Scaffold67"],[0,80687,80751,-1,"match_part","Scaffold67"],[0,81131,81242,-1,"match_part","Scaffold67"],[0,82586,82955,1,"match_part","Scaffold67"],[0,82790,82993,-1,"match_part","Scaffold67"],[0,82993,83234,-1,"match_part","Scaffold67"],[0,83311,83452,1,"match_part","Scaffold67"],[0,83801,83889,1,"match_part","Scaffold67"],[0,85911,86075,1,"match_part","Scaffold67"],[0,86078,86170,1,"match_part","Scaffold67"],[0,86171,86296,1,"match_part","Scaffold67"],[0,86940,87051,1,"match_part","Scaffold67"],[0,87293,87370,1,"match_part","Scaffold67"],[0,87423,87575,1,"match_part","Scaffold67"],[0,87879,87927,1,"match_part","Scaffold67"],[0,88072,88149,1,"match_part","Scaffold67"],[0,88488,88625,1,"match_part","Scaffold67"],[0,88860,88941,1,"match_part","Scaffold67"],[0,89168,89268,1,"match_part","Scaffold67"],[0,89489,89647,1,"match_part","Scaffold67"],[0,90080,90166,1,"match_part","Scaffold67"],[0,90550,90639,1,"match_part","Scaffold67"],[0,90747,90750,1,"match_part","Scaffold67"],[0,91042,91169,1,"match_part","Scaffold67"],[0,91674,91812,1,"match_part","Scaffold67"],[0,92108,92313,1,"match_part","Scaffold67"],[0,92617,92715,1,"match_part","Scaffold67"],[0,92845,92926,1,"match_part","Scaffold67"],[0,93288,93433,1,"match_part","Scaffold67"],[0,93784,93971,1,"match_part","Scaffold67"],[0,94238,94336,1,"match_part","Scaffold67"],[0,94536,94674,1,"match_part","Scaffold67"],[0,98393,98762,1,"match_part","Scaffold67"],[0,99359,99401,1,"match_part","Scaffold67"],[0,103711,103816,1,"match_part","Scaffold67"],[0,103914,103992,1,"match_part","Scaffold67"],[0,104216,104255,1,"match_part","Scaffold67"],[0,104255,104263,1,"match_part","Scaffold67"],[0,104263,104272,1,"match_part","Scaffold67"],[0,104366,104466,1,"match_part","Scaffold67"],[0,119230,119371,1,"match_part","Scaffold67"],[0,119672,119759,1,"match_part","Scaffold67"],[0,119845,119897,1,"match_part","Scaffold67"],[0,120003,120093,1,"match_part","Scaffold67"],[0,120353,120446,1,"match_part","Scaffold67"],[0,120630,120701,1,"match_part","Scaffold67"],[0,120813,120964,1,"match_part","Scaffold67"],[0,121232,121400,1,"match_part","Scaffold67"],[0,121715,121951,1,"match_part","Scaffold67"],[0,122183,122373,1,"match_part","Scaffold67"],[0,123071,123178,1,"match_part","Scaffold67"],[0,123289,123382,1,"match_part","Scaffold67"],[0,123589,123737,1,"match_part","Scaffold67"],[0,123853,123915,1,"match_part","Scaffold67"],[0,124038,124196,1,"match_part","Scaffold67"],[0,124470,124583,1,"match_part","Scaffold67"],[0,124812,124901,1,"match_part","Scaffold67"],[0,125121,125254,1,"match_part","Scaffold67"],[0,125892,126077,-1,"match_part","Scaffold67"],[0,126290,126468,-1,"match_part","Scaffold67"],[0,126732,126776,-1,"match_part","Scaffold67"],[0,126906,127018,-1,"match_part","Scaffold67"],[0,127146,127219,-1,"match_part","Scaffold67"],[0,127397,127502,-1,"match_part","Scaffold67"],[0,127723,127877,-1,"match_part","Scaffold67"],[0,127856,127877,-1,"match_part","Scaffold67"],[0,128014,128078,-1,"match_part","Scaffold67",{"Sublist":[[0,128014,128048,-1,"match_part","Scaffold67"],[0,128049,128053,-1,"match_part","Scaffold67"]]}],[0,128057,128078,-1,"match_part","Scaffold67"],[0,128213,128308,-1,"match_part","Scaffold67"],[0,128213,128308,-1,"match_part","Scaffold67"],[0,128414,128925,-1,"match_part","Scaffold67",{"Sublist":[[0,128414,128512,-1,"match_part","Scaffold67"]]}],[0,128825,128925,-1,"match_part","Scaffold67"],[0,129074,129228,-1,"match_part","Scaffold67",{"Sublist":[[0,129074,129226,-1,"match_part","Scaffold67"]]}],[0,130682,130753,-1,"match_part","Scaffold67"],[0,133029,133140,1,"match_part","Scaffold67"],[0,133415,133532,1,"match_part","Scaffold67"],[0,133818,134107,1,"match_part","Scaffold67"],[0,139594,139676,1,"match_part","Scaffold67"],[0,139835,139913,1,"match_part","Scaffold67"],[0,139958,140032,1,"match_part","Scaffold67"],[0,140325,140438,1,"match_part","Scaffold67"],[0,141271,141390,1,"match_part","Scaffold67"],[0,141525,141705,1,"match_part","Scaffold67"],[0,141917,