{"featureCount":297,"formatVersion":1,"histograms":{"meta":[{"arrayParams":{"chunkSize":10000,"length":115,"urlTemplate":"hist-2000-{Chunk}.json"},"basesPerBin":"2000"},{"arrayParams":{"chunkSize":10000,"length":58,"urlTemplate":"hist-4000-{Chunk}.json"},"basesPerBin":"4000"}],"stats":[{"basesPerBin":"2000","max":13,"mean":2.76521739130435},{"basesPerBin":"4000","max":18,"mean":5.39655172413793}]},"intervals":{"classes":[{"attributes":["Start","End","Strand","Name","Seq_id"],"isArrayAttr":{}},{"attributes":["Start","End","Chunk"],"isArrayAttr":{"Sublist":1}}],"count":297,"lazyClass":1,"maxEnd":229051,"minStart":4490,"nclist":[[0,4490,4667,-1,"match_part","Scaffold70"],[0,4950,5071,-1,"match_part","Scaffold70"],[0,5646,5823,-1,"match_part","Scaffold70"],[0,6028,6150,-1,"match_part","Scaffold70"],[0,7529,7736,-1,"match_part","Scaffold70"],[0,7949,8403,-1,"match_part","Scaffold70"],[0,8403,8543,-1,"match_part","Scaffold70"],[0,8734,8840,-1,"match_part","Scaffold70"],[0,9521,9656,-1,"match_part","Scaffold70"],[0,10078,10209,1,"match_part","Scaffold70"],[0,10239,10254,1,"match_part","Scaffold70"],[0,10254,10260,1,"match_part","Scaffold70"],[0,10261,10284,1,"match_part","Scaffold70"],[0,10302,10315,1,"match_part","Scaffold70"],[0,10316,10331,1,"match_part","Scaffold70"],[0,10331,10365,1,"match_part","Scaffold70"],[0,10429,10558,1,"match_part","Scaffold70"],[0,12374,12491,1,"match_part","Scaffold70"],[0,13719,13840,1,"match_part","Scaffold70"],[0,13976,14153,1,"match_part","Scaffold70"],[0,14318,14440,1,"match_part","Scaffold70"],[0,14945,15152,1,"match_part","Scaffold70"],[0,15252,15361,1,"match_part","Scaffold70"],[0,16897,17106,1,"match_part","Scaffold70"],[0,17483,17781,1,"match_part","Scaffold70"],[0,18070,18171,1,"match_part","Scaffold70"],[0,18295,18396,1,"match_part","Scaffold70"],[0,19039,19198,1,"match_part","Scaffold70"],[0,19152,19229,1,"match_part","Scaffold70"],[0,19198,19230,1,"match_part","Scaffold70"],[0,19310,19360,1,"match_part","Scaffold70"],[0,19361,19390,1,"match_part","Scaffold70"],[0,19391,19571,1,"match_part","Scaffold70"],[0,19556,19679,1,"match_part","Scaffold70"],[0,19573,19679,1,"match_part","Scaffold70"],[0,19959,20026,1,"match_part","Scaffold70",{"Sublist":[[0,19959,19978,1,"match_part","Scaffold70"]]}],[0,19978,20026,1,"match_part","Scaffold70"],[0,20182,20242,1,"match_part","Scaffold70"],[0,20182,20242,1,"match_part","Scaffold70"],[0,20412,20604,1,"match_part","Scaffold70",{"Sublist":[[0,20415,20498,1,"match_part","Scaffold70"],[0,20498,20597,1,"match_part","Scaffold70"]]}],[0,22497,22520,1,"match_part","Scaffold70"],[0,22836,22915,1,"match_part","Scaffold70"],[0,23280,23376,1,"match_part","Scaffold70"],[0,23440,23515,1,"match_part","Scaffold70"],[0,23657,23694,1,"match_part","Scaffold70"],[0,23971,24033,1,"match_part","Scaffold70"],[0,24792,24851,1,"match_part","Scaffold70"],[0,25015,25089,1,"match_part","Scaffold70"],[0,25517,25614,1,"match_part","Scaffold70"],[0,26154,26246,1,"match_part","Scaffold70"],[0,26516,26615,1,"match_part","Scaffold70"],[0,26717,26791,1,"match_part","Scaffold70"],[0,27062,27154,1,"match_part","Scaffold70"],[0,27473,27597,1,"match_part","Scaffold70"],[0,30953,31292,-1,"match_part","Scaffold70"],[0,31499,31628,-1,"match_part","Scaffold70"],[0,31835,31941,-1,"match_part","Scaffold70"],[0,32097,32222,-1,"match_part","Scaffold70"],[0,32747,33029,-1,"match_part","Scaffold70"],[0,33141,33205,-1,"match_part","Scaffold70"],[0,33350,33476,-1,"match_part","Scaffold70"],[0,34920,34971,-1,"match_part","Scaffold70"],[0,35197,35203,-1,"match_part","Scaffold70"],[0,35207,35293,-1,"match_part","Scaffold70"],[0,35527,35656,-1,"match_part","Scaffold70"],[0,35885,36019,-1,"match_part","Scaffold70"],[0,36324,36458,-1,"match_part","Scaffold70"],[0,37101,37295,-1,"match_part","Scaffold70"],[0,37508,37642,-1,"match_part","Scaffold70"],[0,37932,38028,-1,"match_part","Scaffold70"],[0,38342,38513,-1,"match_part","Scaffold70"],[0,38805,38906,-1,"match_part","Scaffold70"],[0,39273,39417,-1,"match_part","Scaffold70"],[0,40252,40548,-1,"match_part","Scaffold70"],[0,41628,41780,-1,"match_part","Scaffold70"],[0,42009,42132,-1,"match_part","Scaffold70"],[0,42558,42706,-1,"match_part","Scaffold70"],[0,42988,43108,-1,"match_part","Scaffold70"],[0,43675,43792,-1,"match_part","Scaffold70"],[0,43945,44022,-1,"match_part","Scaffold70"],[0,44836,44930,-1,"match_part","Scaffold70"],[0,45326,45434,-1,"match_part","Scaffold70"],[0,46246,46465,-1,"match_part","Scaffold70"],[0,51886,52589,-1,"match_part","Scaffold70"],[0,52937,53012,-1,"match_part","Scaffold70"],[0,53375,53458,-1,"match_part","Scaffold70"],[0,53682,53729,-1,"match_part","Scaffold70"],[0,53914,54029,-1,"match_part","Scaffold70"],[0,54235,54292,-1,"match_part","Scaffold70"],[0,54408,54532,-1,"match_part","Scaffold70"],[0,54756,54894,-1,"match_part","Scaffold70"],[0,55179,55253,-1,"match_part","Scaffold70"],[0,55526,55610,-1,"match_part","Scaffold70"],[0,56058,56168,-1,"match_part","Scaffold70"],[0,56633,56781,-1,"match_part","Scaffold70"],[0,56781,56869,-1,"match_part","Scaffold70"],[0,57262,57339,-1,"match_part","Scaffold70"],[0,57388,57479,-1,"match_part","Scaffold70"],[0,57633,57752,-1,"match_part","Scaffold70"],[0,57815,57916,-1,"match_part","Scaffold70"],[0,58023,58129,-1,"match_part","Scaffold70"],[0,58174,58237,-1,"match_part","Scaffold70"],[0,58291,58329,-1,"match_part","Scaffold70"],[0,58377,58401,-1,"match_part","Scaffold70"],[0,58453,58473,-1,"match_part","Scaffold70"],[0,58535,58563,-1,"match_part","Scaffold70"],[0,58614,58682,-1,"match_part","Scaffold70"],[0,58730,58781,-1,"match_part","Scaffold70"],[0,58837,59081,-1,"match_part","Scaffold70"],[0,59680,60056,-1,"match_part","Scaffold70"],[0,60234,60365,-1,"match_part","Scaffold70"],[0,60415,60467,-1,"match_part","Scaffold70"],[0,60515,60636,-1,"match_part","Scaffold70"],[0,60724,60771,-1,"match_part","Scaffold70"],[0,60824,60868,-1,"match_part","Scaffold70"],[0,60958,61092,-1,"match_part","Scaffold70"],[0,61442,61648,-1,"match_part","Scaffold70"],[0,62032,62074,-1,"match_part","Scaffold70"],[0,62173,62236,-1,"match_part","Scaffold70"],[0,62465,62609,-1,"match_part","Scaffold70"],[0,62946,63127,-1,"match_part","Scaffold70"],[0,63299,63410,-1,"match_part","Scaffold70"],[0,63508,63589,-1,"match_part","Scaffold70"],[0,63679,63769,-1,"match_part","Scaffold70"],[0,63923,64037,-1,"match_part","Scaffold70"],[0,64139,64196,-1,"match_part","Scaffold70"],[0,64278,64337,-1,"match_part","Scaffold70"],[0,64781,64912,-1,"match_part","Scaffold70"],[0,65697,65797,-1,"match_part","Scaffold70"],[0,65902,65981,-1,"match_part","Scaffold70"],[0,66066,66100,-1,"match_part","Scaffold70"],[0,66100,66212,-1,"match_part","Scaffold70"],[0,66116,66212,-1,"match_part","Scaffold70"],[0,66330,66412,-1,"match_part","Scaffold70"],[0,66330,66412,-1,"match_part","Scaffold70"],[0,66518,66612,-1,"match_part","Scaffold70"],[0,66518,66612,-1,"match_part","Scaffold70"],[0,67307,67411,-1,"match_part","Scaffold70"],[0,67307,67411,-1,"match_part","Scaffold70"],[0,67542,67608,-1,"match_part","Scaffold70"],[0,67542,67608,-1,"match_part","Scaffold70"],[0,67762,67887,-1,"match_part","Scaffold70"],[0,68054,68120,-1,"match_part","Scaffold70"],[0,68197,68256,-1,"match_part","Scaffold70"],[0,68382,68434,-1,"match_part","Scaffold70"],[0,68589,68851,-1,"match_part","Scaffold70"],[0,75205,75262,1,"match_part","Scaffold70"],[0,75440,75510,1,"match_part","Scaffold70"],[0,75890,75955,1,"match_part","Scaffold70"],[0,76187,76250,1,"match_part","Scaffold70"],[0,76520,76672,1,"match_part","Scaffold70"],[0,77089,77317,1,"match_part","Scaffold70"],[0,91003,91243,1,"match_part","Scaffold70"],[0,91787,92006,1,"match_part","Scaffold70"],[0,92204,92244,1,"match_part","Scaffold70"],[0,92369,92433,1,"match_part","Scaffold70"],[0,92577,92606,1,"match_part","Scaffold70"],[0,92659,92787,1,"match_part","Scaffold70"],[0,94776,94956,1,"match_part","Scaffold70"],[0,95511,95677,-1,"match_part","Scaffold70"],[0,96172,96331,-1,"match_part","Scaffold70"],[0,97179,97357,-1,"match_part",