{"featureCount":378,"formatVersion":1,"histograms":{"meta":[{"arrayParams":{"chunkSize":10000,"length":141,"urlTemplate":"hist-2000-{Chunk}.json"},"basesPerBin":"2000"},{"arrayParams":{"chunkSize":10000,"length":71,"urlTemplate":"hist-4000-{Chunk}.json"},"basesPerBin":"4000"}],"stats":[{"basesPerBin":"2000","max":13,"mean":2.82269503546099},{"basesPerBin":"4000","max":16,"mean":5.45070422535211}]},"intervals":{"classes":[{"attributes":["Start","End","Strand","Name","Seq_id"],"isArrayAttr":{}},{"attributes":["Start","End","Chunk"],"isArrayAttr":{"Sublist":1}}],"count":378,"lazyClass":1,"maxEnd":281484,"minStart":13,"nclist":[[0,13,265,-1,"match_part","Scaffold38"],[0,364,511,-1,"match_part","Scaffold38"],[0,928,978,-1,"match_part","Scaffold38"],[0,1333,1483,-1,"match_part","Scaffold38"],[0,1772,1940,-1,"match_part","Scaffold38"],[0,2135,2295,-1,"match_part","Scaffold38"],[0,2470,2571,-1,"match_part","Scaffold38"],[0,2731,2863,-1,"match_part","Scaffold38"],[0,7415,7830,1,"match_part","Scaffold38"],[0,7830,7996,1,"match_part","Scaffold38"],[0,10717,10912,-1,"match_part","Scaffold38"],[0,11594,11741,-1,"match_part","Scaffold38"],[0,11936,12098,-1,"match_part","Scaffold38"],[0,12257,12677,-1,"match_part","Scaffold38"],[0,12865,12996,-1,"match_part","Scaffold38"],[0,13200,13501,-1,"match_part","Scaffold38"],[0,13503,13509,-1,"match_part","Scaffold38"],[0,14035,14047,-1,"match_part","Scaffold38"],[0,14048,14057,-1,"match_part","Scaffold38"],[0,29530,29649,-1,"match_part","Scaffold38"],[0,29804,29959,-1,"match_part","Scaffold38"],[0,30143,30230,-1,"match_part","Scaffold38"],[0,30438,30557,-1,"match_part","Scaffold38"],[0,31474,31564,-1,"match_part","Scaffold38"],[0,31891,31986,-1,"match_part","Scaffold38"],[0,32153,32316,-1,"match_part","Scaffold38"],[0,33197,33226,-1,"match_part","Scaffold38"],[0,33227,33333,-1,"match_part","Scaffold38"],[0,33794,33952,-1,"match_part","Scaffold38"],[0,34283,34456,-1,"match_part","Scaffold38"],[0,35841,35939,-1,"match_part","Scaffold38"],[0,36213,36342,-1,"match_part","Scaffold38"],[0,36659,36780,-1,"match_part","Scaffold38"],[0,36915,37038,-1,"match_part","Scaffold38"],[0,37281,37366,-1,"match_part","Scaffold38"],[0,37597,37721,-1,"match_part","Scaffold38"],[0,38059,38118,-1,"match_part","Scaffold38"],[0,38466,38553,-1,"match_part","Scaffold38"],[0,39321,39418,-1,"match_part","Scaffold38"],[0,39420,39425,-1,"match_part","Scaffold38"],[0,40452,40552,-1,"match_part","Scaffold38"],[0,40725,40819,-1,"match_part","Scaffold38"],[0,45833,45869,-1,"match_part","Scaffold38"],[0,46229,46305,-1,"match_part","Scaffold38"],[0,46533,46650,-1,"match_part","Scaffold38"],[0,47919,48035,-1,"match_part","Scaffold38"],[0,48403,48488,-1,"match_part","Scaffold38"],[0,48549,48563,-1,"match_part","Scaffold38"],[0,48651,48692,-1,"match_part","Scaffold38"],[0,48824,48913,-1,"match_part","Scaffold38"],[0,49103,49147,-1,"match_part","Scaffold38"],[0,49339,49463,-1,"match_part","Scaffold38"],[0,49568,49748,-1,"match_part","Scaffold38"],[0,50154,50235,-1,"match_part","Scaffold38"],[0,53690,54318,1,"match_part","Scaffold38"],[0,69143,69299,1,"match_part","Scaffold38"],[0,78229,78356,-1,"match_part","Scaffold38"],[0,78667,78823,-1,"match_part","Scaffold38"],[0,79125,79248,-1,"match_part","Scaffold38"],[0,79561,79702,-1,"match_part","Scaffold38"],[0,80957,81103,-1,"match_part","Scaffold38"],[0,81106,81228,-1,"match_part","Scaffold38"],[0,81485,81579,-1,"match_part","Scaffold38"],[0,81890,82188,-1,"match_part","Scaffold38"],[0,82457,82615,-1,"match_part","Scaffold38"],[0,82749,82860,-1,"match_part","Scaffold38"],[0,82980,83051,-1,"match_part","Scaffold38"],[0,83485,83659,-1,"match_part","Scaffold38"],[0,84234,84319,-1,"match_part","Scaffold38"],[0,84846,84993,-1,"match_part","Scaffold38"],[0,85110,85172,-1,"match_part","Scaffold38"],[0,85466,85948,-1,"match_part","Scaffold38"],[0,86096,86157,-1,"match_part","Scaffold38"],[0,86205,86240,-1,"match_part","Scaffold38"],[0,86304,86369,-1,"match_part","Scaffold38"],[0,86420,86460,-1,"match_part","Scaffold38"],[0,86515,86589,-1,"match_part","Scaffold38"],[0,86640,86698,-1,"match_part","Scaffold38"],[0,94052,94247,-1,"match_part","Scaffold38"],[0,94249,94462,-1,"match_part","Scaffold38"],[0,95047,95227,-1,"match_part","Scaffold38"],[0,95227,95254,-1,"match_part","Scaffold38"],[0,95254,95272,-1,"match_part","Scaffold38"],[0,95276,95309,-1,"match_part","Scaffold38"],[0,96046,96053,-1,"match_part","Scaffold38"],[0,96055,96059,-1,"match_part","Scaffold38"],[0,96059,96063,-1,"match_part","Scaffold38"],[0,96063,96074,-1,"match_part","Scaffold38"],[0,96076,96083,-1,"match_part","Scaffold38"],[0,96086,96096,-1,"match_part","Scaffold38"],[0,96096,96597,-1,"match_part","Scaffold38"],[0,96598,96620,-1,"match_part","Scaffold38"],[0,96620,96644,-1,"match_part","Scaffold38"],[0,96645,96709,-1,"match_part","Scaffold38"],[0,96705,96749,1,"match_part","Scaffold38"],[0,96926,97094,1,"match_part","Scaffold38"],[0,97637,97731,1,"match_part","Scaffold38"],[0,98441,98579,1,"match_part","Scaffold38"],[0,103173,103627,-1,"match_part","Scaffold38"],[0,103770,104103,-1,"match_part","Scaffold38"],[0,104430,104560,-1,"match_part","Scaffold38"],[0,104629,104742,-1,"match_part","Scaffold38"],[0,105384,105496,-1,"match_part","Scaffold38"],[0,105725,105899,-1,"match_part","Scaffold38"],[0,106143,106452,-1,"match_part","Scaffold38"],[0,106642,108266,-1,"match_part","Scaffold38"],[0,108266,108272,-1,"match_part","Scaffold38"],[0,108450,108819,-1,"match_part","Scaffold38"],[0,109486,109749,-1,"match_part","Scaffold38"],[0,109957,110182,-1,"match_part","Scaffold38"],[0,110352,110483,-1,"match_part","Scaffold38"],[0,111030,111458,-1,"match_part","Scaffold38"],[0,111621,111903,-1,"match_part","Scaffold38"],[0,112104,112180,-1,"match_part","Scaffold38"],[0,112491,112606,-1,"match_part","Scaffold38"],[0,112816,112901,-1,"match_part","Scaffold38"],[0,115119,115349,-1,"match_part","Scaffold38"],[0,115885,115961,-1,"match_part","Scaffold38"],[0,116317,116460,-1,"match_part","Scaffold38"],[0,116558,116762,-1,"match_part","Scaffold38"],[0,116881,116902,-1,"match_part","Scaffold38"],[0,117557,117670,-1,"match_part","Scaffold38"],[0,117827,117980,-1,"match_part","Scaffold38"],[0,118073,118148,-1,"match_part","Scaffold38"],[0,118386,118653,-1,"match_part","Scaffold38"],[0,118788,119302,-1,"match_part","Scaffold38"],[0,119405,119958,-1,"match_part","Scaffold38"],[0,120338,120564,-1,"match_part","Scaffold38"],[0,120650,120785,-1,"match_part","Scaffold38"],[0,120896,121022,-1,"match_part","Scaffold38"],[0,121363,121492,-1,"match_part","Scaffold38"],[0,121595,121755,-1,"match_part","Scaffold38"],[0,121965,122163,-1,"match_part","Scaffold38"],[0,122214,122320,-1,"match_part","Scaffold38"],[0,122414,122539,-1,"match_part","Scaffold38"],[0,122685,122794,-1,"match_part","Scaffold38"],[0,122958,123086,-1,"match_part","Scaffold38"],[0,123192,123301,-1,"match_part","Scaffold38"],[0,123422,123586,-1,"match_part","Scaffold38"],[0,123760,123955,-1,"match_part","Scaffold38"],[0,124106,124173,-1,"match_part","Scaffold38"],[0,124306,124354,-1,"match_part","Scaffold38"],[0,124356,124361,-1,"match_part","Scaffold38"],[0,124492,124620,-1,"match_part","Scaffold38"],[0,124888,124942,-1,"match_part","Scaffold38"],[0,125111,125157,-1,"match_part","Scaffold38"],[0,125283,125384,-1,"match_part","Scaffold38"],[0,126093,126280,-1,"match_part","Scaffold38"],[0,126524,126641,-1,"match_part","Scaffold38"],[0,126767,126819,-1,"match_part","Scaffold38"],[0,126917,126992,-1,"match_part","Scaffold38"],[0,127827,127977,-1,"match_part","Scaffold38"],[0,128283,128415,-1,"match_part","Scaffold38"],[0,128662,128890,-1,"match_part","Scaffold38"],[0,129144,129315,-1,"match_part","Scaffold38"],[0,129728,129932,-1,"match_part","Scaffold38"],[0,130277,130466,-1,"match_part","Scaffold38"],[0,130664,130943,-1,"match_part","Scaffold38"],[0,131391,131695,-1,"match_part","Scaffold38"],[0,132170,132348,-1,"match_part","Scaffold38"],[0,132721,132862,-1,"match_part","Scaffold38"],[0,133343,133507,-1,