{"featureCount":326,"formatVersion":1,"histograms":{"meta":[{"arrayParams":{"chunkSize":10000,"length":107,"urlTemplate":"hist-2000-{Chunk}.json"},"basesPerBin":"2000"},{"arrayParams":{"chunkSize":10000,"length":54,"urlTemplate":"hist-4000-{Chunk}.json"},"basesPerBin":"4000"}],"stats":[{"basesPerBin":"2000","max":18,"mean":3.2803738317757},{"basesPerBin":"4000","max":20,"mean":6.27777777777778}]},"intervals":{"classes":[{"attributes":["Start","End","Strand","Name","Seq_id"],"isArrayAttr":{}},{"attributes":["Start","End","Chunk"],"isArrayAttr":{"Sublist":1}}],"count":326,"lazyClass":1,"maxEnd":213063,"minStart":4217,"nclist":[[0,4217,4309,1,"match_part","Scaffold90"],[0,4366,4578,1,"match_part","Scaffold90"],[0,4676,4863,1,"match_part","Scaffold90"],[0,5029,5286,1,"match_part","Scaffold90"],[0,5412,5581,-1,"match_part","Scaffold90"],[0,6639,6778,-1,"match_part","Scaffold90"],[0,7049,7166,-1,"match_part","Scaffold90"],[0,7265,7368,-1,"match_part","Scaffold90"],[0,7538,8007,-1,"match_part","Scaffold90"],[0,8501,8684,-1,"match_part","Scaffold90"],[0,8894,8921,-1,"match_part","Scaffold90"],[0,8957,9055,-1,"match_part","Scaffold90"],[0,9152,9250,-1,"match_part","Scaffold90"],[0,9748,9903,-1,"match_part","Scaffold90"],[0,10174,10353,-1,"match_part","Scaffold90"],[0,10302,10353,-1,"match_part","Scaffold90"],[0,10520,10602,-1,"match_part","Scaffold90"],[0,10520,10602,-1,"match_part","Scaffold90"],[0,10694,10761,-1,"match_part","Scaffold90",{"Sublist":[[0,10694,10712,-1,"match_part","Scaffold90"]]}],[0,10867,10990,-1,"match_part","Scaffold90"],[0,11359,11514,-1,"match_part","Scaffold90"],[0,11614,11819,-1,"match_part","Scaffold90"],[0,12221,12470,-1,"match_part","Scaffold90"],[0,14129,14336,1,"match_part","Scaffold90"],[0,14923,15001,1,"match_part","Scaffold90"],[0,15314,15405,1,"match_part","Scaffold90"],[0,15736,15831,1,"match_part","Scaffold90"],[0,15920,15961,1,"match_part","Scaffold90"],[0,16328,16399,1,"match_part","Scaffold90"],[0,16522,16603,1,"match_part","Scaffold90"],[0,16837,16924,1,"match_part","Scaffold90"],[0,16924,16928,1,"match_part","Scaffold90"],[0,16929,16957,1,"match_part","Scaffold90"],[0,17404,17463,1,"match_part","Scaffold90"],[0,25146,25158,-1,"match_part","Scaffold90"],[0,25436,25497,-1,"match_part","Scaffold90"],[0,25497,25624,-1,"match_part","Scaffold90"],[0,26117,26373,-1,"match_part","Scaffold90"],[0,26684,26734,-1,"match_part","Scaffold90"],[0,27016,27112,-1,"match_part","Scaffold90"],[0,28007,28123,-1,"match_part","Scaffold90"],[0,28451,28526,-1,"match_part","Scaffold90"],[0,29551,29597,-1,"match_part","Scaffold90"],[0,29598,29649,-1,"match_part","Scaffold90"],[0,29818,29915,-1,"match_part","Scaffold90"],[0,30305,30424,-1,"match_part","Scaffold90"],[0,30775,30878,-1,"match_part","Scaffold90"],[0,31459,31587,-1,"match_part","Scaffold90"],[0,31982,32085,-1,"match_part","Scaffold90"],[0,32474,32629,-1,"match_part","Scaffold90"],[0,32988,33051,-1,"match_part","Scaffold90"],[0,33389,33544,-1,"match_part","Scaffold90"],[0,34030,34095,-1,"match_part","Scaffold90"],[0,34217,34319,-1,"match_part","Scaffold90"],[0,34697,34759,-1,"match_part","Scaffold90"],[0,34882,34905,-1,"match_part","Scaffold90"],[0,36555,36717,-1,"match_part","Scaffold90"],[0,36949,37046,-1,"match_part","Scaffold90"],[0,52003,52290,1,"match_part","Scaffold90"],[0,57821,57830,-1,"match_part","Scaffold90"],[0,57834,58397,-1,"match_part","Scaffold90"],[0,58627,58726,-1,"match_part","Scaffold90"],[0,58809,58978,-1,"match_part","Scaffold90"],[0,59211,59325,-1,"match_part","Scaffold90"],[0,59379,59514,-1,"match_part","Scaffold90"],[0,59663,59725,-1,"match_part","Scaffold90"],[0,59727,59791,-1,"match_part","Scaffold90"],[0,59761,59801,-1,"match_part","Scaffold90"],[0,59995,60121,-1,"match_part","Scaffold90"],[0,60214,60237,-1,"match_part","Scaffold90"],[0,60339,60485,-1,"match_part","Scaffold90"],[0,61033,61184,-1,"match_part","Scaffold90"],[0,61426,61537,-1,"match_part","Scaffold90"],[0,61791,61841,-1,"match_part","Scaffold90"],[0,62064,62160,-1,"match_part","Scaffold90"],[0,62585,62696,-1,"match_part","Scaffold90"],[0,63038,63112,-1,"match_part","Scaffold90"],[0,63515,63654,-1,"match_part","Scaffold90"],[0,64012,64067,-1,"match_part","Scaffold90"],[0,64806,65572,-1,"match_part","Scaffold90",{"Sublist":[[0,64806,65025,1,"match_part","Scaffold90"]]}],[0,65597,65621,-1,"match_part","Scaffold90"],[0,65606,67003,1,"match_part","Scaffold90"],[0,67363,67490,1,"match_part","Scaffold90"],[0,67746,68087,1,"match_part","Scaffold90"],[0,69254,69503,-1,"match_part","Scaffold90"],[0,70289,70377,-1,"match_part","Scaffold90"],[0,71216,71272,-1,"match_part","Scaffold90"],[0,72111,72126,-1,"match_part","Scaffold90"],[0,72220,72299,-1,"match_part","Scaffold90"],[0,72887,72969,-1,"match_part","Scaffold90"],[0,73520,73771,-1,"match_part","Scaffold90"],[0,73921,74683,-1,"match_part","Scaffold90"],[0,75306,75558,-1,"match_part","Scaffold90"],[0,76506,76616,-1,"match_part","Scaffold90"],[0,76802,76920,-1,"match_part","Scaffold90"],[0,77398,77516,-1,"match_part","Scaffold90"],[0,77795,77949,-1,"match_part","Scaffold90"],[0,78547,78713,-1,"match_part","Scaffold90"],[0,79100,79216,-1,"match_part","Scaffold90"],[0,79296,79419,-1,"match_part","Scaffold90"],[0,79580,79754,-1,"match_part","Scaffold90"],[0,80036,80169,-1,"match_part","Scaffold90"],[0,80467,80673,-1,"match_part","Scaffold90"],[0,81327,81558,-1,"match_part","Scaffold90"],[0,81980,82079,-1,"match_part","Scaffold90"],[0,82401,83104,-1,"match_part","Scaffold90"],[0,83503,83818,-1,"match_part","Scaffold90"],[0,84224,84435,-1,"match_part","Scaffold90"],[0,84704,85760,1,"match_part","Scaffold90"],[0,85906,85966,1,"match_part","Scaffold90"],[0,86095,86149,1,"match_part","Scaffold90"],[0,86239,86316,1,"match_part","Scaffold90"],[0,86418,86557,1,"match_part","Scaffold90"],[0,86936,87010,1,"match_part","Scaffold90"],[0,90475,90670,-1,"match_part","Scaffold90"],[0,91116,91198,-1,"match_part","Scaffold90"],[0,91687,91877,-1,"match_part","Scaffold90"],[0,92170,92247,-1,"match_part","Scaffold90"],[0,92299,92417,-1,"match_part","Scaffold90"],[0,92618,92774,-1,"match_part","Scaffold90"],[0,92882,93050,-1,"match_part","Scaffold90"],[0,93317,93609,1,"match_part","Scaffold90"],[0,93729,93817,1,"match_part","Scaffold90"],[0,94167,94339,1,"match_part","Scaffold90"],[0,94466,94615,1,"match_part","Scaffold90"],[0,94794,94897,1,"match_part","Scaffold90"],[0,95342,95544,1,"match_part","Scaffold90"],[0,95847,95857,1,"match_part","Scaffold90"],[0,96001,96260,1,"match_part","Scaffold90"],[0,96416,96471,1,"match_part","Scaffold90"],[0,96573,96651,1,"match_part","Scaffold90"],[0,96883,97058,1,"match_part","Scaffold90"],[0,97669,98448,-1,"match_part","Scaffold90"],[0,102530,102591,1,"match_part","Scaffold90"],[0,102779,102847,1,"match_part","Scaffold90"],[0,103359,103443,1,"match_part","Scaffold90"],[0,103919,104077,1,"match_part","Scaffold90"],[0,104323,104388,1,"match_part","Scaffold90"],[0,104538,104653,1,"match_part","Scaffold90"],[0,104986,105002,1,"match_part","Scaffold90"],[0,105396,105445,1,"match_part","Scaffold90"],[0,105445,105633,1,"match_part","Scaffold90"],[0,105686,105868,1,"match_part","Scaffold90"],[0,105973,106040,1,"match_part","Scaffold90"],[0,106100,106207,1,"match_part","Scaffold90"],[0,106374,106599,1,"match_part","Scaffold90"],[0,109700,109851,-1,"match_part","Scaffold90"],[0,109851,110015,-1,"match_part","Scaffold90"],[0,110910,110995,-1,"match_part","Scaffold90"],[0,111556,111689,-1,"match_part","Scaffold90"],[0,112604,112812,-1,"match_part","Scaffold90"],[0,113118,113551,-1,"match_part","Scaffold90"],[0,113460,113551,-1,"match_part","Scaffold90"],[0,113902,113948,-1,"match_part","Scaffold90"],[0,113902,113948,-1,"match_part","Scaffold90"],[0,114729,114835,-1,"match_part","Scaffold90",{"Sublist":[[0,114729,114765,-1,"match_part","Scaffold90"]]}],[0,115020,115124,-1,"match_part","Scaffold90"],[0,115932,116052,-1,"match_part","Scaffold90"],[0,116132,117828,-1,"match_part","Scaffold90"],[0,118620,118865,-1,"match_part","Scaffold90"],[0,118991,