{"featureCount":309,"formatVersion":1,"histograms":{"meta":[{"arrayParams":{"chunkSize":10000,"length":115,"urlTemplate":"hist-2000-{Chunk}.json"},"basesPerBin":"2000"},{"arrayParams":{"chunkSize":10000,"length":58,"urlTemplate":"hist-4000-{Chunk}.json"},"basesPerBin":"4000"}],"stats":[{"basesPerBin":"2000","max":20,"mean":2.88695652173913},{"basesPerBin":"4000","max":25,"mean":5.55172413793103}]},"intervals":{"classes":[{"attributes":["Start","End","Strand","Name","Seq_id"],"isArrayAttr":{}},{"attributes":["Start","End","Chunk"],"isArrayAttr":{"Sublist":1}}],"count":309,"lazyClass":1,"maxEnd":229538,"minStart":28274,"nclist":[[0,28274,28365,1,"match_part","Scaffold69"],[0,28365,28437,1,"match_part","Scaffold69"],[0,28437,28569,1,"match_part","Scaffold69"],[0,28570,28579,1,"match_part","Scaffold69"],[0,28579,28675,1,"match_part","Scaffold69"],[0,28676,28743,1,"match_part","Scaffold69"],[0,28932,28946,1,"match_part","Scaffold69"],[0,28961,28979,1,"match_part","Scaffold69"],[0,28984,28992,1,"match_part","Scaffold69"],[0,29001,29102,1,"match_part","Scaffold69"],[0,29128,29136,1,"match_part","Scaffold69"],[0,29136,29181,1,"match_part","Scaffold69"],[0,29183,29195,1,"match_part","Scaffold69"],[0,29195,29217,1,"match_part","Scaffold69"],[0,29218,29290,1,"match_part","Scaffold69"],[0,29658,29707,1,"match_part","Scaffold69"],[0,29740,29751,1,"match_part","Scaffold69"],[0,29751,29811,1,"match_part","Scaffold69"],[0,29818,29824,1,"match_part","Scaffold69"],[0,29929,29944,1,"match_part","Scaffold69"],[0,30377,30578,-1,"match_part","Scaffold69"],[0,30678,30823,-1,"match_part","Scaffold69"],[0,31149,31244,-1,"match_part","Scaffold69"],[0,31533,31596,-1,"match_part","Scaffold69"],[0,31862,31947,-1,"match_part","Scaffold69"],[0,32373,32469,-1,"match_part","Scaffold69"],[0,32623,32688,-1,"match_part","Scaffold69"],[0,32770,32858,-1,"match_part","Scaffold69"],[0,33250,33301,-1,"match_part","Scaffold69"],[0,33304,33310,-1,"match_part","Scaffold69"],[0,33666,33745,-1,"match_part","Scaffold69"],[0,33976,34033,-1,"match_part","Scaffold69"],[0,34033,34070,-1,"match_part","Scaffold69"],[0,34862,34960,-1,"match_part","Scaffold69"],[0,35555,35628,-1,"match_part","Scaffold69"],[0,35832,35982,-1,"match_part","Scaffold69"],[0,36221,36319,-1,"match_part","Scaffold69"],[0,47945,48346,-1,"match_part","Scaffold69"],[0,49415,49555,-1,"match_part","Scaffold69"],[0,49606,49685,-1,"match_part","Scaffold69"],[0,49733,49945,-1,"match_part","Scaffold69"],[0,50000,50093,-1,"match_part","Scaffold69"],[0,50369,50438,-1,"match_part","Scaffold69"],[0,55270,55366,-1,"match_part","Scaffold69"],[0,55995,56110,-1,"match_part","Scaffold69"],[0,56662,56737,-1,"match_part","Scaffold69"],[0,57431,57547,-1,"match_part","Scaffold69"],[0,58311,58390,-1,"match_part","Scaffold69"],[0,58683,58748,-1,"match_part","Scaffold69"],[0,59320,59428,-1,"match_part","Scaffold69"],[0,59674,59742,-1,"match_part","Scaffold69"],[0,60452,60586,-1,"match_part","Scaffold69"],[0,60702,60781,-1,"match_part","Scaffold69"],[0,61080,61220,-1,"match_part","Scaffold69"],[0,61645,61704,-1,"match_part","Scaffold69"],[0,61958,62104,-1,"match_part","Scaffold69"],[0,62630,62810,-1,"match_part","Scaffold69"],[0,65484,65572,-1,"match_part","Scaffold69"],[0,65812,65941,-1,"match_part","Scaffold69"],[0,66592,66652,-1,"match_part","Scaffold69"],[0,66790,66931,-1,"match_part","Scaffold69"],[0,67485,67568,-1,"match_part","Scaffold69"],[0,68047,68092,-1,"match_part","Scaffold69"],[0,70253,70326,-1,"match_part","Scaffold69"],[0,70326,70666,-1,"match_part","Scaffold69"],[0,71052,71292,-1,"match_part","Scaffold69"],[0,71511,71541,-1,"match_part","Scaffold69"],[0,74104,74514,1,"match_part","Scaffold69"],[0,78581,78889,1,"match_part","Scaffold69"],[0,78889,79053,1,"match_part","Scaffold69"],[0,79254,79405,1,"match_part","Scaffold69"],[0,80045,80168,1,"match_part","Scaffold69"],[0,80397,80501,1,"match_part","Scaffold69"],[0,81387,81457,1,"match_part","Scaffold69"],[0,81661,81832,1,"match_part","Scaffold69"],[0,82338,82347,-1,"match_part","Scaffold69"],[0,82348,82441,-1,"match_part","Scaffold69"],[0,82442,82521,-1,"match_part","Scaffold69"],[0,82782,82916,-1,"match_part","Scaffold69"],[0,84241,84423,-1,"match_part","Scaffold69"],[0,84509,84620,-1,"match_part","Scaffold69"],[0,84890,84938,-1,"match_part","Scaffold69"],[0,85008,85127,-1,"match_part","Scaffold69"],[0,85299,85367,-1,"match_part","Scaffold69"],[0,85721,86051,-1,"match_part","Scaffold69"],[0,87352,87698,-1,"match_part","Scaffold69"],[0,87907,88105,-1,"match_part","Scaffold69"],[0,88452,88508,-1,"match_part","Scaffold69"],[0,96818,97791,-1,"match_part","Scaffold69",{"Sublist":[[0,97772,97783,-1,"match_part","Scaffold69"]]}],[0,97783,97852,-1,"match_part","Scaffold69"],[0,97992,98082,-1,"match_part","Scaffold69"],[0,98235,98473,-1,"match_part","Scaffold69"],[0,98963,99091,-1,"match_part","Scaffold69"],[0,99269,99416,-1,"match_part","Scaffold69"],[0,99887,100010,-1,"match_part","Scaffold69"],[0,100221,100302,-1,"match_part","Scaffold69"],[0,100578,100605,-1,"match_part","Scaffold69"],[0,100796,101065,-1,"match_part","Scaffold69"],[0,101979,102294,-1,"match_part","Scaffold69"],[0,102470,102852,-1,"match_part","Scaffold69"],[0,109879,109999,1,"match_part","Scaffold69"],[0,110454,110726,1,"match_part","Scaffold69"],[0,114514,114596,1,"match_part","Scaffold69"],[0,115040,115403,1,"match_part","Scaffold69"],[0,115745,115821,1,"match_part","Scaffold69"],[0,116081,116254,1,"match_part","Scaffold69"],[0,116480,116525,1,"match_part","Scaffold69"],[0,117084,117239,1,"match_part","Scaffold69"],[0,118015,118200,1,"match_part","Scaffold69"],[0,118821,118949,1,"match_part","Scaffold69"],[0,119083,119251,1,"match_part","Scaffold69"],[0,119397,119538,1,"match_part","Scaffold69"],[0,120039,120171,1,"match_part","Scaffold69"],[0,120349,120574,1,"match_part","Scaffold69"],[0,120833,120938,-1,"match_part","Scaffold69"],[0,121066,121163,-1,"match_part","Scaffold69"],[0,121454,121546,-1,"match_part","Scaffold69"],[0,121775,121901,-1,"match_part","Scaffold69"],[0,122061,122132,-1,"match_part","Scaffold69"],[0,122546,122641,-1,"match_part","Scaffold69"],[0,122802,122880,-1,"match_part","Scaffold69"],[0,123318,123393,-1,"match_part","Scaffold69"],[0,123565,123678,-1,"match_part","Scaffold69"],[0,124002,124139,-1,"match_part","Scaffold69"],[0,124260,124352,-1,"match_part","Scaffold69"],[0,124886,124984,-1,"match_part","Scaffold69"],[0,125098,125171,-1,"match_part","Scaffold69"],[0,125260,125320,-1,"match_part","Scaffold69"],[0,125412,125630,-1,"match_part","Scaffold69"],[0,131510,131670,1,"match_part","Scaffold69"],[0,131791,131867,1,"match_part","Scaffold69"],[0,131995,132228,1,"match_part","Scaffold69"],[0,132477,132622,1,"match_part","Scaffold69"],[0,132720,132913,1,"match_part","Scaffold69"],[0,133019,133921,1,"match_part","Scaffold69"],[0,134189,134465,1,"match_part","Scaffold69"],[0,135382,135578,1,"match_part","Scaffold69"],[0,136429,136605,1,"match_part","Scaffold69"],[0,137169,137395,1,"match_part","Scaffold69"],[0,137876,137907,1,"match_part","Scaffold69"],[0,141887,141928,1,"match_part","Scaffold69"],[0,142076,142190,1,"match_part","Scaffold69"],[0,142406,142460,1,"match_part","Scaffold69"],[0,142996,143098,1,"match_part","Scaffold69"],[0,143381,143486,1,"match_part","Scaffold69"],[0,143706,143857,1,"match_part","Scaffold69"],[0,144156,144226,1,"match_part","Scaffold69"],[0,144374,144422,1,"match_part","Scaffold69"],[0,144563,144637,1,"match_part","Scaffold69"],[0,145269,145379,1,"match_part","Scaffold69"],[0,145728,145757,1,"match_part","Scaffold69"],[0,156081,156484,-1,"match_part","Scaffold69",{"Sublist":[[0,156081,156251,-1,"match_part","Scaffold69"]]}],[0,156706,156788,-1,"match_part","Scaffold69"],[0,156889,156951,-1,"match_part","Scaffold69"],[0,157182,157262,-1,"match_part","Scaffold69"],[0,157338,157414,-1,"match_part","Scaffold69"],[0,157685,157789,-1,"match_part","Scaffold69"],[0,158132,158327,-1,"match_part","Scaffold69"],[0,158782,159017,-1,"match_part","Scaffold69"],[0,159232,159381,-1,