{"featureCount":391,"formatVersion":1,"histograms":{"meta":[{"arrayParams":{"chunkSize":10000,"length":109,"urlTemplate":"hist-2000-{Chunk}.json"},"basesPerBin":"2000"},{"arrayParams":{"chunkSize":10000,"length":55,"urlTemplate":"hist-4000-{Chunk}.json"},"basesPerBin":"4000"}],"stats":[{"basesPerBin":"2000","max":15,"mean":3.76146788990826},{"basesPerBin":"4000","max":19,"mean":7.23636363636364}]},"intervals":{"classes":[{"attributes":["Start","End","Strand","Name","Seq_id"],"isArrayAttr":{}},{"attributes":["Start","End","Chunk"],"isArrayAttr":{"Sublist":1}}],"count":391,"lazyClass":1,"maxEnd":216064,"minStart":72,"nclist":[[0,72,141,-1,"match_part","Scaffold82"],[0,192,298,-1,"match_part","Scaffold82"],[0,737,879,-1,"match_part","Scaffold82"],[0,1275,1280,-1,"match_part","Scaffold82"],[0,1282,1353,-1,"match_part","Scaffold82"],[0,1709,1838,-1,"match_part","Scaffold82"],[0,2287,2408,-1,"match_part","Scaffold82"],[0,2561,2652,-1,"match_part","Scaffold82"],[0,2873,2878,-1,"match_part","Scaffold82"],[0,2879,2887,-1,"match_part","Scaffold82"],[0,2889,2897,-1,"match_part","Scaffold82"],[0,2899,2904,-1,"match_part","Scaffold82"],[0,2905,2919,-1,"match_part","Scaffold82"],[0,2920,2924,-1,"match_part","Scaffold82"],[0,2933,2940,-1,"match_part","Scaffold82"],[0,3527,3700,-1,"match_part","Scaffold82"],[0,4484,4637,-1,"match_part","Scaffold82"],[0,5304,5390,-1,"match_part","Scaffold82"],[0,5543,5723,-1,"match_part","Scaffold82"],[0,6159,6235,-1,"match_part","Scaffold82"],[0,6694,6823,-1,"match_part","Scaffold82"],[0,7022,7102,-1,"match_part","Scaffold82"],[0,7201,7293,-1,"match_part","Scaffold82"],[0,7416,7463,-1,"match_part","Scaffold82"],[0,7587,7764,-1,"match_part","Scaffold82"],[0,7868,7967,-1,"match_part","Scaffold82"],[0,8102,8415,-1,"match_part","Scaffold82"],[0,9239,9606,1,"match_part","Scaffold82"],[0,9883,9963,1,"match_part","Scaffold82"],[0,10974,11154,1,"match_part","Scaffold82"],[0,11562,11701,1,"match_part","Scaffold82"],[0,13315,13474,1,"match_part","Scaffold82"],[0,13632,13748,1,"match_part","Scaffold82"],[0,13981,14310,-1,"match_part","Scaffold82"],[0,14780,14863,-1,"match_part","Scaffold82"],[0,15248,15316,-1,"match_part","Scaffold82"],[0,23438,23579,-1,"match_part","Scaffold82"],[0,24234,24750,-1,"match_part","Scaffold82"],[0,24935,25103,-1,"match_part","Scaffold82"],[0,25186,25336,-1,"match_part","Scaffold82"],[0,25412,25722,-1,"match_part","Scaffold82"],[0,25767,25901,-1,"match_part","Scaffold82"],[0,25947,26123,-1,"match_part","Scaffold82"],[0,26373,26451,-1,"match_part","Scaffold82"],[0,26502,26628,-1,"match_part","Scaffold82"],[0,26681,26982,-1,"match_part","Scaffold82"],[0,27030,27192,-1,"match_part","Scaffold82"],[0,27560,27703,-1,"match_part","Scaffold82"],[0,27718,27896,1,"match_part","Scaffold82",{"Sublist":[[0,27777,27803,-1,"match_part","Scaffold82"]]}],[0,27953,28128,1,"match_part","Scaffold82"],[0,28178,28234,1,"match_part","Scaffold82"],[0,28389,28547,1,"match_part","Scaffold82"],[0,28610,28642,1,"match_part","Scaffold82"],[0,28853,28965,1,"match_part","Scaffold82"],[0,29196,29253,1,"match_part","Scaffold82"],[0,29276,29775,-1,"match_part","Scaffold82",{"Sublist":[[0,29661,29683,1,"match_part","Scaffold82"]]}],[0,29916,30070,1,"match_part","Scaffold82"],[0,30071,30295,1,"match_part","Scaffold82",{"Sublist":[[0,30072,30293,1,"match_part","Scaffold82"]]}],[0,30638,30713,-1,"match_part","Scaffold82"],[0,30716,30829,-1,"match_part","Scaffold82"],[0,30829,30901,-1,"match_part","Scaffold82"],[0,31176,31237,-1,"match_part","Scaffold82"],[0,31237,31264,-1,"match_part","Scaffold82"],[0,31274,31277,-1,"match_part","Scaffold82"],[0,31323,31401,-1,"match_part","Scaffold82"],[0,32128,32253,-1,"match_part","Scaffold82"],[0,32359,32449,-1,"match_part","Scaffold82"],[0,33043,33098,-1,"match_part","Scaffold82"],[0,33242,33410,-1,"match_part","Scaffold82"],[0,34155,34176,-1,"match_part","Scaffold82",{"Sublist":[[0,34155,34174,-1,"match_part","Scaffold82"]]}],[0,34183,34287,-1,"match_part","Scaffold82",{"Sublist":[[0,34183,34220,-1,"match_part","Scaffold82"]]}],[0,34290,34318,-1,"match_part","Scaffold82"],[0,34319,34335,-1,"match_part","Scaffold82"],[0,34335,34404,-1,"match_part","Scaffold82",{"Sublist":[[0,34381,34395,-1,"match_part","Scaffold82"]]}],[0,34532,34588,-1,"match_part","Scaffold82"],[0,34792,34885,-1,"match_part","Scaffold82"],[0,35166,35247,-1,"match_part","Scaffold82"],[0,35505,35662,-1,"match_part","Scaffold82"],[0,35972,35994,-1,"match_part","Scaffold82"],[0,38955,39032,1,"match_part","Scaffold82"],[0,39032,39231,1,"match_part","Scaffold82"],[0,39973,39987,1,"match_part","Scaffold82"],[0,39988,39998,1,"match_part","Scaffold82"],[0,39998,40044,1,"match_part","Scaffold82"],[0,40046,40052,1,"match_part","Scaffold82"],[0,40052,40101,1,"match_part","Scaffold82"],[0,42431,42588,1,"match_part","Scaffold82"],[0,42836,42941,1,"match_part","Scaffold82"],[0,43089,43196,1,"match_part","Scaffold82"],[0,43512,43578,1,"match_part","Scaffold82"],[0,43722,43787,1,"match_part","Scaffold82"],[0,44406,44478,1,"match_part","Scaffold82"],[0,45712,45825,1,"match_part","Scaffold82"],[0,47883,47994,1,"match_part","Scaffold82"],[0,48295,48359,1,"match_part","Scaffold82"],[0,49472,49587,1,"match_part","Scaffold82"],[0,50798,50947,1,"match_part","Scaffold82"],[0,51011,51109,1,"match_part","Scaffold82"],[0,52627,52661,1,"match_part","Scaffold82"],[0,52758,52822,1,"match_part","Scaffold82"],[0,53245,53360,1,"match_part","Scaffold82"],[0,53754,53946,1,"match_part","Scaffold82"],[0,54407,54442,-1,"match_part","Scaffold82"],[0,54442,54488,-1,"match_part","Scaffold82"],[0,54488,54574,-1,"match_part","Scaffold82"],[0,54685,54790,-1,"match_part","Scaffold82"],[0,55022,55101,-1,"match_part","Scaffold82"],[0,55980,56015,-1,"match_part","Scaffold82"],[0,56163,56178,-1,"match_part","Scaffold82"],[0,56187,56190,-1,"match_part","Scaffold82"],[0,56200,56268,-1,"match_part","Scaffold82"],[0,56395,56531,-1,"match_part","Scaffold82"],[0,56778,56847,-1,"match_part","Scaffold82"],[0,57115,57221,-1,"match_part","Scaffold82"],[0,58491,58703,-1,"match_part","Scaffold82"],[0,58841,58922,-1,"match_part","Scaffold82"],[0,59719,59776,-1,"match_part","Scaffold82"],[0,60038,60067,-1,"match_part","Scaffold82"],[0,65582,65741,-1,"match_part","Scaffold82"],[0,66214,66393,-1,"match_part","Scaffold82"],[0,66678,66866,-1,"match_part","Scaffold82"],[0,67092,67282,-1,"match_part","Scaffold82"],[0,67685,67906,-1,"match_part","Scaffold82"],[0,69262,69900,-1,"match_part","Scaffold82"],[0,69964,70125,-1,"match_part","Scaffold82"],[0,70389,70508,1,"match_part","Scaffold82"],[0,70600,70677,1,"match_part","Scaffold82"],[0,70812,70870,1,"match_part","Scaffold82"],[0,71279,71825,1,"match_part","Scaffold82"],[0,71936,72060,1,"match_part","Scaffold82"],[0,72385,72616,1,"match_part","Scaffold82"],[0,72863,73239,1,"match_part","Scaffold82"],[0,73299,73419,1,"match_part","Scaffold82"],[0,73466,73545,1,"match_part","Scaffold82"],[0,73603,73739,1,"match_part","Scaffold82"],[0,73789,73910,1,"match_part","Scaffold82"],[0,74076,74330,1,"match_part","Scaffold82"],[0,74430,74497,1,"match_part","Scaffold82"],[0,75278,75534,1,"match_part","Scaffold82"],[0,75702,75849,1,"match_part","Scaffold82"],[0,76078,76127,1,"match_part","Scaffold82"],[0,76127,76153,1,"match_part","Scaffold82"],[0,77973,78061,1,"match_part","Scaffold82"],[0,78204,78293,1,"match_part","Scaffold82"],[0,78953,79620,-1,"match_part","Scaffold82"],[0,81329,81416,-1,"match_part","Scaffold82"],[0,82164,82315,-1,"match_part","Scaffold82"],[0,83002,83061,-1,"match_part","Scaffold82"],[0,83349,83479,-1,"match_part","Scaffold82"],[0,83740,83896,-1,"match_part","Scaffold82"],[0,84665,84755,-1,"match_part","Scaffold82"],[0,84876,85000,-1,"match_part","Scaffold82"],[0,85571,85727,-1,"match_part","Scaffold82"],[0,86482,86608,-1,"match_part","Scaffold82"],[0,86833,86965,-1,"match_part","Scaffold82"],[0,87589,87699,-1,"match_part","Scaffold82"],[0,88203,88401,-1,"match_part","Scaffold82"],[0,88402,88425,-1,"match_part","Scaffold82"],[0,88425,88552,-1,