{"featureCount":346,"formatVersion":1,"histograms":{"meta":[{"arrayParams":{"chunkSize":10000,"length":106,"urlTemplate":"hist-2000-{Chunk}.json"},"basesPerBin":"2000"},{"arrayParams":{"chunkSize":10000,"length":53,"urlTemplate":"hist-4000-{Chunk}.json"},"basesPerBin":"4000"}],"stats":[{"basesPerBin":"2000","max":15,"mean":3.4811320754717},{"basesPerBin":"4000","max":19,"mean":6.77358490566038}]},"intervals":{"classes":[{"attributes":["Start","End","Strand","Name","Seq_id"],"isArrayAttr":{}},{"attributes":["Start","End","Chunk"],"isArrayAttr":{"Sublist":1}}],"count":346,"lazyClass":1,"maxEnd":210674,"minStart":405,"nclist":[[0,405,659,-1,"match_part","Scaffold85"],[0,1217,1361,-1,"match_part","Scaffold85"],[0,1727,1869,-1,"match_part","Scaffold85"],[0,2038,2056,-1,"match_part","Scaffold85"],[0,2351,3132,1,"match_part","Scaffold85"],[0,3253,3375,1,"match_part","Scaffold85"],[0,4018,4057,1,"match_part","Scaffold85"],[0,5460,5627,1,"match_part","Scaffold85"],[0,6080,6218,1,"match_part","Scaffold85"],[0,6441,6532,1,"match_part","Scaffold85"],[0,6645,6751,1,"match_part","Scaffold85"],[0,7896,8429,1,"match_part","Scaffold85"],[0,8697,8859,1,"match_part","Scaffold85"],[0,9095,9543,1,"match_part","Scaffold85"],[0,9467,9945,1,"match_part","Scaffold85"],[0,10287,10426,1,"match_part","Scaffold85"],[0,10537,10635,1,"match_part","Scaffold85"],[0,10766,10821,1,"match_part","Scaffold85"],[0,13191,13984,-1,"match_part","Scaffold85"],[0,21418,21506,1,"match_part","Scaffold85"],[0,21506,21584,1,"match_part","Scaffold85"],[0,21584,21607,1,"match_part","Scaffold85"],[0,21608,21781,1,"match_part","Scaffold85"],[0,22222,22227,1,"match_part","Scaffold85"],[0,22228,22237,1,"match_part","Scaffold85"],[0,22238,22241,1,"match_part","Scaffold85"],[0,22242,22295,1,"match_part","Scaffold85"],[0,22299,22305,1,"match_part","Scaffold85"],[0,35544,35665,1,"match_part","Scaffold85"],[0,35673,35853,1,"match_part","Scaffold85"],[0,35854,35926,1,"match_part","Scaffold85"],[0,35927,36022,1,"match_part","Scaffold85"],[0,36024,36034,1,"match_part","Scaffold85"],[0,36034,36128,1,"match_part","Scaffold85"],[0,36129,36145,1,"match_part","Scaffold85"],[0,36146,36150,1,"match_part","Scaffold85"],[0,39785,40095,-1,"match_part","Scaffold85"],[0,40403,40575,-1,"match_part","Scaffold85"],[0,48318,48961,-1,"match_part","Scaffold85"],[0,49142,49810,-1,"match_part","Scaffold85"],[0,50041,50113,-1,"match_part","Scaffold85"],[0,50208,50313,-1,"match_part","Scaffold85"],[0,50395,50531,-1,"match_part","Scaffold85"],[0,50728,50794,-1,"match_part","Scaffold85"],[0,50909,50979,-1,"match_part","Scaffold85"],[0,51198,51357,-1,"match_part","Scaffold85"],[0,51976,52042,-1,"match_part","Scaffold85"],[0,52184,52373,-1,"match_part","Scaffold85"],[0,52707,52808,-1,"match_part","Scaffold85"],[0,53164,53251,-1,"match_part","Scaffold85"],[0,53387,53643,-1,"match_part","Scaffold85"],[0,53863,54133,-1,"match_part","Scaffold85"],[0,56147,56309,1,"match_part","Scaffold85"],[0,56625,56950,1,"match_part","Scaffold85"],[0,57014,57550,1,"match_part","Scaffold85"],[0,57550,57559,1,"match_part","Scaffold85"],[0,57560,57605,1,"match_part","Scaffold85"],[0,57605,57613,1,"match_part","Scaffold85"],[0,57614,57621,1,"match_part","Scaffold85"],[0,57621,57640,1,"match_part","Scaffold85"],[0,57640,57654,1,"match_part","Scaffold85"],[0,57654,57666,1,"match_part","Scaffold85"],[0,57679,58092,1,"match_part","Scaffold85"],[0,67672,67799,1,"match_part","Scaffold85"],[0,68038,68169,1,"match_part","Scaffold85"],[0,68435,68606,1,"match_part","Scaffold85"],[0,68746,68807,1,"match_part","Scaffold85"],[0,71250,71469,-1,"match_part","Scaffold85"],[0,71831,71894,-1,"match_part","Scaffold85"],[0,72050,72302,-1,"match_part","Scaffold85"],[0,72454,72510,-1,"match_part","Scaffold85"],[0,72618,72795,-1,"match_part","Scaffold85"],[0,73080,73200,-1,"match_part","Scaffold85"],[0,73685,73805,-1,"match_part","Scaffold85"],[0,74391,74568,-1,"match_part","Scaffold85"],[0,75017,75095,-1,"match_part","Scaffold85"],[0,75271,75391,-1,"match_part","Scaffold85"],[0,76098,76226,-1,"match_part","Scaffold85"],[0,79371,79535,-1,"match_part","Scaffold85",{"Sublist":[[0,79371,79497,-1,"match_part","Scaffold85"]]}],[0,79535,80140,-1,"match_part","Scaffold85"],[0,80219,80317,-1,"match_part","Scaffold85"],[0,81626,81679,-1,"match_part","Scaffold85"],[0,81939,83375,-1,"match_part","Scaffold85"],[0,83720,83836,-1,"match_part","Scaffold85"],[0,83943,83955,-1,"match_part","Scaffold85"],[0,84170,84275,-1,"match_part","Scaffold85"],[0,84326,84454,-1,"match_part","Scaffold85"],[0,84809,85392,-1,"match_part","Scaffold85"],[0,85583,85662,1,"match_part","Scaffold85"],[0,85662,85666,1,"match_part","Scaffold85"],[0,85667,85832,1,"match_part","Scaffold85"],[0,87333,87399,-1,"match_part","Scaffold85"],[0,87445,87513,-1,"match_part","Scaffold85"],[0,87559,87592,-1,"match_part","Scaffold85"],[0,87640,87728,-1,"match_part","Scaffold85"],[0,87776,87847,-1,"match_part","Scaffold85"],[0,87893,88147,-1,"match_part","Scaffold85"],[0,88404,88422,1,"match_part","Scaffold85"],[0,88474,88691,1,"match_part","Scaffold85"],[0,88776,89004,1,"match_part","Scaffold85"],[0,89670,89907,1,"match_part","Scaffold85"],[0,90140,90802,1,"match_part","Scaffold85"],[0,93014,93124,1,"match_part","Scaffold85"],[0,93429,93478,1,"match_part","Scaffold85"],[0,93822,93962,1,"match_part","Scaffold85"],[0,94262,94349,1,"match_part","Scaffold85"],[0,94421,94471,1,"match_part","Scaffold85"],[0,95226,95328,1,"match_part","Scaffold85"],[0,95530,95599,1,"match_part","Scaffold85"],[0,95712,95799,1,"match_part","Scaffold85"],[0,95927,95993,1,"match_part","Scaffold85"],[0,96076,96160,1,"match_part","Scaffold85"],[0,96267,96318,1,"match_part","Scaffold85"],[0,96526,96643,1,"match_part","Scaffold85"],[0,96800,96956,1,"match_part","Scaffold85"],[0,97079,97172,1,"match_part","Scaffold85"],[0,97249,97395,1,"match_part","Scaffold85"],[0,97534,97673,1,"match_part","Scaffold85"],[0,97737,97828,1,"match_part","Scaffold85"],[0,97917,98208,1,"match_part","Scaffold85"],[0,98481,99367,1,"match_part","Scaffold85"],[0,99607,99756,1,"match_part","Scaffold85"],[0,100013,100090,1,"match_part","Scaffold85"],[0,100136,100398,1,"match_part","Scaffold85"],[0,100461,100690,1,"match_part","Scaffold85"],[0,100690,100726,1,"match_part","Scaffold85"],[0,100726,100928,1,"match_part","Scaffold85"],[0,101039,101098,1,"match_part","Scaffold85"],[0,101165,101226,1,"match_part","Scaffold85"],[0,101284,101356,1,"match_part","Scaffold85"],[0,101458,101552,1,"match_part","Scaffold85"],[0,101618,101733,1,"match_part","Scaffold85"],[0,102175,102231,1,"match_part","Scaffold85"],[0,111522,111630,1,"match_part","Scaffold85"],[0,112105,112225,1,"match_part","Scaffold85"],[0,112408,112422,1,"match_part","Scaffold85"],[0,112791,112911,1,"match_part","Scaffold85"],[0,115194,115252,1,"match_part","Scaffold85"],[0,115461,115515,1,"match_part","Scaffold85"],[0,115955,115985,1,"match_part","Scaffold85"],[0,116777,116843,1,"match_part","Scaffold85"],[0,117222,117378,1,"match_part","Scaffold85"],[0,117729,117837,1,"match_part","Scaffold85"],[0,118084,118231,1,"match_part","Scaffold85"],[0,118503,118573,1,"match_part","Scaffold85"],[0,118613,118620,1,"match_part","Scaffold85"],[0,118629,118657,1,"match_part","Scaffold85"],[0,118978,118985,-1,"match_part","Scaffold85"],[0,118986,119005,-1,"match_part","Scaffold85"],[0,119002,119556,-1,"match_part","Scaffold85",{"Sublist":[[0,119020,119140,-1,"match_part","Scaffold85"],[0,119140,119182,-1,"match_part","Scaffold85"],[0,119185,119199,-1,"match_part","Scaffold85"],[0,119199,119208,-1,"match_part","Scaffold85"],[0,119235,119271,-1,"match_part","Scaffold85"],[0,119272,119294,-1,"match_part","Scaffold85"],[0,119312,119356,-1,"match_part","Scaffold85"]]}],[0,119997,120052,-1,"match_part","Scaffold85"],[0,120049,120171,-1,"match_part","Scaffold85"],[0,121046,121124,-1,"match_part","Scaffold85"],[0,121292,121413,-1,"match_part","Scaffold85"],[0,121932,122067,-1,"match_part","Scaffold85"],[0,122366,122476,-1,"match_part","Scaffold85"],[0,