{"featureCount":339,"formatVersion":1,"histograms":{"meta":[{"arrayParams":{"chunkSize":10000,"length":113,"urlTemplate":"hist-2000-{Chunk}.json"},"basesPerBin":"2000"},{"arrayParams":{"chunkSize":10000,"length":57,"urlTemplate":"hist-4000-{Chunk}.json"},"basesPerBin":"4000"}],"stats":[{"basesPerBin":"2000","max":9,"mean":3.14159292035398},{"basesPerBin":"4000","max":15,"mean":6.10526315789474}]},"intervals":{"classes":[{"attributes":["Start","End","Strand","Name","Seq_id"],"isArrayAttr":{}},{"attributes":["Start","End","Chunk"],"isArrayAttr":{"Sublist":1}}],"count":339,"lazyClass":1,"maxEnd":225021,"minStart":0,"nclist":[[0,0,889,1,"match_part","Scaffold75"],[0,971,1280,1,"match_part","Scaffold75"],[0,1512,1647,1,"match_part","Scaffold75"],[0,1848,1929,1,"match_part","Scaffold75"],[0,1978,2078,1,"match_part","Scaffold75"],[0,2186,2305,1,"match_part","Scaffold75"],[0,2559,2640,1,"match_part","Scaffold75"],[0,2909,2990,1,"match_part","Scaffold75"],[0,3256,3455,1,"match_part","Scaffold75"],[0,3593,3800,-1,"match_part","Scaffold75"],[0,4245,4422,-1,"match_part","Scaffold75"],[0,4809,4925,-1,"match_part","Scaffold75"],[0,5142,5269,-1,"match_part","Scaffold75"],[0,5398,5482,-1,"match_part","Scaffold75"],[0,6015,6084,-1,"match_part","Scaffold75"],[0,6300,6387,-1,"match_part","Scaffold75"],[0,7650,7719,-1,"match_part","Scaffold75"],[0,8076,8207,-1,"match_part","Scaffold75"],[0,8418,8499,-1,"match_part","Scaffold75"],[0,8621,8685,-1,"match_part","Scaffold75"],[0,8854,8898,-1,"match_part","Scaffold75"],[0,9142,9403,-1,"match_part","Scaffold75"],[0,9579,9660,-1,"match_part","Scaffold75"],[0,9738,9818,-1,"match_part","Scaffold75"],[0,10108,10219,-1,"match_part","Scaffold75"],[0,10465,10599,-1,"match_part","Scaffold75"],[0,10893,11004,-1,"match_part","Scaffold75"],[0,11099,11205,-1,"match_part","Scaffold75"],[0,11345,11491,-1,"match_part","Scaffold75"],[0,11967,12037,-1,"match_part","Scaffold75"],[0,12421,12618,-1,"match_part","Scaffold75"],[0,12899,12947,-1,"match_part","Scaffold75"],[0,13278,13316,-1,"match_part","Scaffold75"],[0,13676,13740,-1,"match_part","Scaffold75"],[0,13740,13811,-1,"match_part","Scaffold75"],[0,14054,14133,-1,"match_part","Scaffold75"],[0,14133,14154,-1,"match_part","Scaffold75"],[0,14157,14244,-1,"match_part","Scaffold75"],[0,14533,14662,-1,"match_part","Scaffold75"],[0,14663,14700,-1,"match_part","Scaffold75"],[0,14840,15146,-1,"match_part","Scaffold75"],[0,15548,15680,-1,"match_part","Scaffold75"],[0,15910,16120,-1,"match_part","Scaffold75"],[0,16313,16916,-1,"match_part","Scaffold75"],[0,17205,17403,-1,"match_part","Scaffold75"],[0,17574,17791,-1,"match_part","Scaffold75"],[0,17909,18644,-1,"match_part","Scaffold75"],[0,18853,18998,-1,"match_part","Scaffold75"],[0,19181,19348,-1,"match_part","Scaffold75"],[0,19552,19827,-1,"match_part","Scaffold75"],[0,19888,20100,-1,"match_part","Scaffold75"],[0,20328,20459,-1,"match_part","Scaffold75"],[0,20602,20704,-1,"match_part","Scaffold75"],[0,20905,21053,-1,"match_part","Scaffold75"],[0,21247,22006,-1,"match_part","Scaffold75"],[0,22176,22281,-1,"match_part","Scaffold75"],[0,22573,22630,-1,"match_part","Scaffold75"],[0,22685,22836,-1,"match_part","Scaffold75"],[0,22836,22866,-1,"match_part","Scaffold75"],[0,29024,29120,1,"match_part","Scaffold75"],[0,29312,29445,1,"match_part","Scaffold75"],[0,29854,30030,1,"match_part","Scaffold75"],[0,31764,31939,1,"match_part","Scaffold75"],[0,32250,32305,1,"match_part","Scaffold75"],[0,32557,32683,1,"match_part","Scaffold75"],[0,33003,33056,1,"match_part","Scaffold75"],[0,34395,34602,1,"match_part","Scaffold75"],[0,34724,34782,1,"match_part","Scaffold75"],[0,35224,35312,1,"match_part","Scaffold75"],[0,35556,35696,1,"match_part","Scaffold75"],[0,35833,35876,1,"match_part","Scaffold75"],[0,35880,35919,1,"match_part","Scaffold75"],[0,35972,36144,-1,"match_part","Scaffold75"],[0,36299,36495,-1,"match_part","Scaffold75"],[0,36847,36953,-1,"match_part","Scaffold75"],[0,37471,37582,-1,"match_part","Scaffold75"],[0,37688,37768,-1,"match_part","Scaffold75"],[0,37861,37980,-1,"match_part","Scaffold75"],[0,38116,38177,-1,"match_part","Scaffold75"],[0,38430,38502,-1,"match_part","Scaffold75"],[0,38667,38824,-1,"match_part","Scaffold75"],[0,38919,38991,-1,"match_part","Scaffold75"],[0,39424,39625,-1,"match_part","Scaffold75"],[0,39798,39934,-1,"match_part","Scaffold75"],[0,40217,40313,-1,"match_part","Scaffold75"],[0,40642,41233,-1,"match_part","Scaffold75"],[0,41447,41572,-1,"match_part","Scaffold75"],[0,41689,41739,-1,"match_part","Scaffold75"],[0,41792,41836,-1,"match_part","Scaffold75"],[0,41948,41996,-1,"match_part","Scaffold75"],[0,42046,42094,-1,"match_part","Scaffold75"],[0,42269,42379,-1,"match_part","Scaffold75"],[0,43549,44110,1,"match_part","Scaffold75"],[0,44203,44279,1,"match_part","Scaffold75"],[0,44395,44532,1,"match_part","Scaffold75"],[0,45874,45939,1,"match_part","Scaffold75"],[0,46962,47099,-1,"match_part","Scaffold75"],[0,47406,47457,-1,"match_part","Scaffold75"],[0,47811,47925,-1,"match_part","Scaffold75"],[0,48130,48196,-1,"match_part","Scaffold75"],[0,48580,48643,-1,"match_part","Scaffold75"],[0,48833,48936,-1,"match_part","Scaffold75"],[0,49072,49227,-1,"match_part","Scaffold75"],[0,50182,50321,1,"match_part","Scaffold75"],[0,50321,50603,1,"match_part","Scaffold75"],[0,50988,51027,1,"match_part","Scaffold75"],[0,54097,54252,-1,"match_part","Scaffold75"],[0,54453,54585,-1,"match_part","Scaffold75"],[0,54970,55127,-1,"match_part","Scaffold75"],[0,55398,55797,-1,"match_part","Scaffold75"],[0,56521,56562,-1,"match_part","Scaffold75"],[0,57011,57099,-1,"match_part","Scaffold75"],[0,57395,57504,-1,"match_part","Scaffold75"],[0,61702,61898,-1,"match_part","Scaffold75"],[0,62289,62338,-1,"match_part","Scaffold75"],[0,62468,62537,-1,"match_part","Scaffold75"],[0,62717,62808,-1,"match_part","Scaffold75"],[0,62808,62838,-1,"match_part","Scaffold75"],[0,62838,62848,-1,"match_part","Scaffold75"],[0,62846,63571,-1,"match_part","Scaffold75",{"Sublist":[[0,62848,62868,-1,"match_part","Scaffold75"]]}],[0,63982,64082,-1,"match_part","Scaffold75"],[0,64235,64288,1,"match_part","Scaffold75"],[0,64290,64616,1,"match_part","Scaffold75"],[0,64530,64616,-1,"match_part","Scaffold75"],[0,65066,65148,-1,"match_part","Scaffold75",{"Sublist":[[0,65066,65091,1,"match_part","Scaffold75"]]}],[0,69243,69789,-1,"match_part","Scaffold75"],[0,69719,69794,-1,"match_part","Scaffold75"],[0,69797,69852,-1,"match_part","Scaffold75"],[0,69959,70116,-1,"match_part","Scaffold75"],[0,70356,70852,-1,"match_part","Scaffold75"],[0,72362,72493,-1,"match_part","Scaffold75"],[0,72744,72818,-1,"match_part","Scaffold75"],[0,73178,73329,-1,"match_part","Scaffold75"],[0,73673,73779,-1,"match_part","Scaffold75"],[0,74063,74169,-1,"match_part","Scaffold75"],[0,74511,74582,-1,"match_part","Scaffold75"],[0,75073,75165,-1,"match_part","Scaffold75"],[0,75747,75818,-1,"match_part","Scaffold75"],[0,76324,76405,-1,"match_part","Scaffold75"],[0,76869,77042,-1,"match_part","Scaffold75"],[0,77185,77250,-1,"match_part","Scaffold75"],[0,77358,77444,-1,"match_part","Scaffold75"],[0,77589,77650,-1,"match_part","Scaffold75"],[0,77784,77843,-1,"match_part","Scaffold75"],[0,78308,78381,-1,"match_part","Scaffold75"],[0,78661,78772,-1,"match_part","Scaffold75"],[0,78985,79093,-1,"match_part","Scaffold75"],[0,79364,79385,-1,"match_part","Scaffold75"],[0,79519,79619,-1,"match_part","Scaffold75"],[0,79538,79619,1,"match_part","Scaffold75"],[0,79839,79911,-1,"match_part","Scaffold75"],[0,79839,79911,1,"match_part","Scaffold75"],[0,80232,80341,-1,"match_part","Scaffold75",{"Sublist":[[0,80232,80288,1,"match_part","Scaffold75"]]}],[0,80425,81087,1,"match_part","Scaffold75",{"Sublist":[[0,80735,80804,-1,"match_part","Scaffold75"]]}],[0,81088,81107,1,"match_part","Scaffold75"],[0,85092,85328,1,"match_part","Scaffold75"],[0,85328,85494,1,"match_part","Scaffold75"],[0,85527,85535,1,"match_part","Scaffold75"],[0,85537,85609,1,"match_part","Scaffold75"],[0,85609,85634,1,"match_part","Scaffold75"],[0,85634,85668,1,