{"featureCount":295,"formatVersion":1,"histograms":{"meta":[{"arrayParams":{"chunkSize":10000,"length":105,"urlTemplate":"hist-2000-{Chunk}.json"},"basesPerBin":"2000"},{"arrayParams":{"chunkSize":10000,"length":53,"urlTemplate":"hist-4000-{Chunk}.json"},"basesPerBin":"4000"}],"stats":[{"basesPerBin":"2000","max":24,"mean":2.93333333333333},{"basesPerBin":"4000","max":26,"mean":5.64150943396226}]},"intervals":{"classes":[{"attributes":["Start","End","Strand","Name","Seq_id"],"isArrayAttr":{}},{"attributes":["Start","End","Chunk"],"isArrayAttr":{"Sublist":1}}],"count":295,"lazyClass":1,"maxEnd":208868,"minStart":2690,"nclist":[[0,2690,2853,1,"match_part","Scaffold96"],[0,3369,3477,1,"match_part","Scaffold96"],[0,5126,5234,1,"match_part","Scaffold96"],[0,5747,5843,1,"match_part","Scaffold96"],[0,6122,6230,1,"match_part","Scaffold96"],[0,6939,7017,1,"match_part","Scaffold96"],[0,7392,7501,1,"match_part","Scaffold96"],[0,8190,8298,1,"match_part","Scaffold96"],[0,8673,8877,1,"match_part","Scaffold96"],[0,10005,10134,1,"match_part","Scaffold96"],[0,11118,11163,1,"match_part","Scaffold96"],[0,11519,11653,1,"match_part","Scaffold96"],[0,14849,14929,1,"match_part","Scaffold96"],[0,16157,16275,1,"match_part","Scaffold96"],[0,16594,16648,1,"match_part","Scaffold96"],[0,16710,16787,1,"match_part","Scaffold96"],[0,16942,17094,1,"match_part","Scaffold96"],[0,17346,17566,1,"match_part","Scaffold96"],[0,18024,18145,1,"match_part","Scaffold96"],[0,18381,18445,1,"match_part","Scaffold96"],[0,18787,18932,1,"match_part","Scaffold96"],[0,19368,19514,1,"match_part","Scaffold96"],[0,20184,20390,1,"match_part","Scaffold96"],[0,20662,20831,1,"match_part","Scaffold96"],[0,21012,21289,1,"match_part","Scaffold96"],[0,21463,21631,1,"match_part","Scaffold96"],[0,21779,21943,1,"match_part","Scaffold96"],[0,22088,22254,1,"match_part","Scaffold96"],[0,22466,22618,1,"match_part","Scaffold96"],[0,22827,23036,1,"match_part","Scaffold96"],[0,23203,23327,1,"match_part","Scaffold96"],[0,23590,23841,1,"match_part","Scaffold96"],[0,24050,24273,1,"match_part","Scaffold96"],[0,24490,24783,1,"match_part","Scaffold96"],[0,24992,25285,1,"match_part","Scaffold96"],[0,32467,32815,-1,"match_part","Scaffold96"],[0,34595,35872,-1,"match_part","Scaffold96"],[0,36013,36112,-1,"match_part","Scaffold96"],[0,36651,36747,-1,"match_part","Scaffold96"],[0,37026,37131,-1,"match_part","Scaffold96"],[0,37295,37601,-1,"match_part","Scaffold96"],[0,37660,37735,-1,"match_part","Scaffold96"],[0,38078,38193,-1,"match_part","Scaffold96"],[0,38472,38646,-1,"match_part","Scaffold96"],[0,38887,39054,-1,"match_part","Scaffold96"],[0,39384,39567,-1,"match_part","Scaffold96"],[0,39913,40022,-1,"match_part","Scaffold96"],[0,40021,40036,-1,"match_part","Scaffold96"],[0,40474,40654,-1,"match_part","Scaffold96"],[0,40985,41175,-1,"match_part","Scaffold96"],[0,42270,42386,-1,"match_part","Scaffold96"],[0,42555,42766,-1,"match_part","Scaffold96"],[0,43258,43637,-1,"match_part","Scaffold96"],[0,43737,43900,-1,"match_part","Scaffold96"],[0,44418,44511,-1,"match_part","Scaffold96"],[0,44781,44869,-1,"match_part","Scaffold96"],[0,44875,45159,-1,"match_part","Scaffold96"],[0,45609,45652,-1,"match_part","Scaffold96"],[0,46689,46738,-1,"match_part","Scaffold96"],[0,46895,47039,-1,"match_part","Scaffold96"],[0,47113,47182,-1,"match_part","Scaffold96"],[0,47231,47290,-1,"match_part","Scaffold96"],[0,47739,47869,-1,"match_part","Scaffold96"],[0,48060,48177,-1,"match_part","Scaffold96"],[0,48739,48823,-1,"match_part","Scaffold96"],[0,48935,48989,-1,"match_part","Scaffold96"],[0,49742,49845,-1,"match_part","Scaffold96"],[0,50739,50829,-1,"match_part","Scaffold96"],[0,51315,51394,-1,"match_part","Scaffold96"],[0,52010,52094,-1,"match_part","Scaffold96"],[0,57459,57797,-1,"match_part","Scaffold96"],[0,58322,58436,1,"match_part","Scaffold96"],[0,58381,58828,1,"match_part","Scaffold96"],[0,59268,59352,1,"match_part","Scaffold96"],[0,59716,59787,1,"match_part","Scaffold96"],[0,60199,60271,1,"match_part","Scaffold96"],[0,60903,61000,1,"match_part","Scaffold96"],[0,61749,61857,1,"match_part","Scaffold96"],[0,62102,62256,1,"match_part","Scaffold96"],[0,62569,62696,1,"match_part","Scaffold96"],[0,62874,63036,1,"match_part","Scaffold96"],[0,63768,63818,1,"match_part","Scaffold96"],[0,63828,63839,1,"match_part","Scaffold96"],[0,64037,64042,1,"match_part","Scaffold96"],[0,64042,64205,1,"match_part","Scaffold96"],[0,64205,64330,1,"match_part","Scaffold96"],[0,65360,65624,1,"match_part","Scaffold96"],[0,65624,65632,1,"match_part","Scaffold96"],[0,65638,65646,1,"match_part","Scaffold96"],[0,65652,65675,1,"match_part","Scaffold96"],[0,65891,66160,1,"match_part","Scaffold96"],[0,66416,66476,1,"match_part","Scaffold96"],[0,67549,67717,1,"match_part","Scaffold96"],[0,68415,68465,1,"match_part","Scaffold96"],[0,94321,94616,1,"match_part","Scaffold96"],[0,94726,94851,1,"match_part","Scaffold96"],[0,95462,95985,1,"match_part","Scaffold96",{"Sublist":[[0,95757,95891,1,"match_part","Scaffold96"]]}],[0,96091,96204,1,"match_part","Scaffold96"],[0,96444,96585,1,"match_part","Scaffold96"],[0,97006,97551,1,"match_part","Scaffold96"],[0,97885,97972,1,"match_part","Scaffold96"],[0,98068,98159,1,"match_part","Scaffold96"],[0,98421,98494,1,"match_part","Scaffold96"],[0,98615,98682,1,"match_part","Scaffold96"],[0,98857,98934,1,"match_part","Scaffold96"],[0,99531,99809,1,"match_part","Scaffold96"],[0,105081,105505,1,"match_part","Scaffold96",{"Sublist":[[0,105416,105446,1,"match_part","Scaffold96"]]}],[0,105629,105897,1,"match_part","Scaffold96"],[0,106037,106120,1,"match_part","Scaffold96"],[0,106372,106535,1,"match_part","Scaffold96"],[0,106667,106889,1,"match_part","Scaffold96"],[0,107000,107126,1,"match_part","Scaffold96"],[0,107242,107324,1,"match_part","Scaffold96"],[0,107561,107757,1,"match_part","Scaffold96"],[0,108021,108180,1,"match_part","Scaffold96"],[0,108424,108616,1,"match_part","Scaffold96"],[0,108806,108812,1,"match_part","Scaffold96"],[0,108812,109088,1,"match_part","Scaffold96"],[0,109284,109602,1,"match_part","Scaffold96"],[0,110070,110307,1,"match_part","Scaffold96"],[0,110545,110653,1,"match_part","Scaffold96"],[0,110806,110932,1,"match_part","Scaffold96"],[0,111295,111640,1,"match_part","Scaffold96"],[0,112304,112398,1,"match_part","Scaffold96"],[0,112974,113087,1,"match_part","Scaffold96"],[0,113419,113505,1,"match_part","Scaffold96"],[0,113825,113958,1,"match_part","Scaffold96"],[0,113992,114375,1,"match_part","Scaffold96"],[0,114454,114502,-1,"match_part","Scaffold96",{"Sublist":[[0,114454,114501,-1,"match_part","Scaffold96"]]}],[0,114486,114756,-1,"match_part","Scaffold96",{"Sublist":[[0,114505,114511,-1,"match_part","Scaffold96"],[0,114505,114511,-1,"match_part","Scaffold96"]]}],[0,114546,115336,-1,"match_part","Scaffold96",{"Sublist":[[0,114549,114756,-1,"match_part","Scaffold96"]]}],[0,115279,115336,-1,"match_part","Scaffold96"],[0,115279,115336,-1,"match_part","Scaffold96",{"Sublist":[[0,115279,115319,1,"match_part","Scaffold96"]]}],[0,115508,115655,-1,"match_part","Scaffold96"],[0,115508,115655,-1,"match_part","Scaffold96"],[0,115508,115655,-1,"match_part","Scaffold96"],[0,115825,115906,-1,"match_part","Scaffold96"],[0,115825,115906,-1,"match_part","Scaffold96"],[0,115825,115906,-1,"match_part","Scaffold96"],[0,116225,116343,-1,"match_part","Scaffold96",{"Sublist":[[0,116225,116333,-1,"match_part","Scaffold96",{"Sublist":[[0,116225,116242,-1,"match_part","Scaffold96"]]}]]}],[0,116426,116501,-1,"match_part","Scaffold96"],[0,116763,116866,-1,"match_part","Scaffold96"],[0,117068,117189,-1,"match_part","Scaffold96"],[0,117336,117407,-1,"match_part","Scaffold96"],[0,117520,117589,-1,"match_part","Scaffold96"],[0,118162,118245,-1,"match_part","Scaffold96"],[0,118522,118594,-1,"match_part","Scaffold96"],[0,118697,118790,-1,"match_part","Scaffold96"],[0,118884,118961,-1,"match_part","Scaffold96"],[0,119037,119150,-1,"match_part","Scaffold96"],[0,119380,119503,-1,"match_part","Scaffold96"],[0,119944,120052,-1,"match_part","Scaffold96"],[0,120323,