{"featureCount":348,"formatVersion":1,"histograms":{"meta":[{"arrayParams":{"chunkSize":10000,"length":103,"urlTemplate":"hist-2000-{Chunk}.json"},"basesPerBin":"2000"},{"arrayParams":{"chunkSize":10000,"length":52,"urlTemplate":"hist-4000-{Chunk}.json"},"basesPerBin":"4000"}],"stats":[{"basesPerBin":"2000","max":13,"mean":3.56310679611651},{"basesPerBin":"4000","max":19,"mean":6.84615384615385}]},"intervals":{"classes":[{"attributes":["Start","End","Strand","Name","Seq_id"],"isArrayAttr":{}},{"attributes":["Start","End","Chunk"],"isArrayAttr":{"Sublist":1}}],"count":348,"lazyClass":1,"maxEnd":204762,"minStart":1054,"nclist":[[0,1054,1127,1,"match_part","Scaffold88"],[0,1233,1352,1,"match_part","Scaffold88"],[0,1567,1684,1,"match_part","Scaffold88"],[0,1962,2054,1,"match_part","Scaffold88"],[0,12839,12885,1,"match_part","Scaffold88"],[0,13280,13346,1,"match_part","Scaffold88"],[0,13511,13592,1,"match_part","Scaffold88"],[0,13774,13890,1,"match_part","Scaffold88"],[0,14247,14329,1,"match_part","Scaffold88"],[0,14470,14482,1,"match_part","Scaffold88"],[0,17961,18697,1,"match_part","Scaffold88"],[0,26127,26473,-1,"match_part","Scaffold88"],[0,27122,27131,-1,"match_part","Scaffold88"],[0,27131,27221,-1,"match_part","Scaffold88"],[0,27543,27635,-1,"match_part","Scaffold88"],[0,27743,27821,-1,"match_part","Scaffold88"],[0,28076,28182,-1,"match_part","Scaffold88"],[0,28370,28501,-1,"match_part","Scaffold88"],[0,28502,28721,-1,"match_part","Scaffold88"],[0,29209,29330,-1,"match_part","Scaffold88"],[0,30079,30171,-1,"match_part","Scaffold88"],[0,30748,30830,-1,"match_part","Scaffold88"],[0,31025,31158,-1,"match_part","Scaffold88"],[0,31380,31489,-1,"match_part","Scaffold88"],[0,31668,31770,-1,"match_part","Scaffold88"],[0,31868,32001,-1,"match_part","Scaffold88"],[0,32437,32494,-1,"match_part","Scaffold88"],[0,32883,33140,-1,"match_part","Scaffold88"],[0,33393,33561,-1,"match_part","Scaffold88"],[0,33804,33932,-1,"match_part","Scaffold88"],[0,34003,34088,-1,"match_part","Scaffold88"],[0,34172,34524,-1,"match_part","Scaffold88"],[0,35582,35664,-1,"match_part","Scaffold88"],[0,35713,35780,-1,"match_part","Scaffold88"],[0,35845,35909,-1,"match_part","Scaffold88"],[0,36131,36188,-1,"match_part","Scaffold88"],[0,36477,36582,-1,"match_part","Scaffold88"],[0,36704,36754,-1,"match_part","Scaffold88"],[0,36841,36882,-1,"match_part","Scaffold88"],[0,37031,37169,-1,"match_part","Scaffold88"],[0,37231,37273,-1,"match_part","Scaffold88"],[0,38082,38250,-1,"match_part","Scaffold88"],[0,38358,38450,-1,"match_part","Scaffold88"],[0,38608,38629,-1,"match_part","Scaffold88"],[0,38808,38890,-1,"match_part","Scaffold88"],[0,39026,39107,-1,"match_part","Scaffold88"],[0,39269,39297,-1,"match_part","Scaffold88"],[0,39451,39510,-1,"match_part","Scaffold88"],[0,39873,40031,-1,"match_part","Scaffold88"],[0,41486,41570,-1,"match_part","Scaffold88"],[0,42309,42374,-1,"match_part","Scaffold88"],[0,42492,42585,-1,"match_part","Scaffold88"],[0,42740,42833,-1,"match_part","Scaffold88"],[0,42899,43054,-1,"match_part","Scaffold88"],[0,43196,43272,-1,"match_part","Scaffold88"],[0,43365,43424,-1,"match_part","Scaffold88"],[0,43589,43671,-1,"match_part","Scaffold88"],[0,44047,44118,-1,"match_part","Scaffold88"],[0,44202,44336,-1,"match_part","Scaffold88"],[0,44477,44559,-1,"match_part","Scaffold88"],[0,44646,44698,-1,"match_part","Scaffold88"],[0,44756,44888,-1,"match_part","Scaffold88"],[0,44985,45111,-1,"match_part","Scaffold88"],[0,45219,45296,-1,"match_part","Scaffold88"],[0,45386,45437,-1,"match_part","Scaffold88"],[0,45513,45535,-1,"match_part","Scaffold88"],[0,45653,45832,-1,"match_part","Scaffold88"],[0,45928,45987,-1,"match_part","Scaffold88"],[0,46120,46383,-1,"match_part","Scaffold88"],[0,46505,46673,-1,"match_part","Scaffold88"],[0,46748,46909,-1,"match_part","Scaffold88"],[0,47067,47133,-1,"match_part","Scaffold88"],[0,47192,47253,-1,"match_part","Scaffold88"],[0,47353,47382,-1,"match_part","Scaffold88"],[0,47435,47529,-1,"match_part","Scaffold88"],[0,47746,47861,-1,"match_part","Scaffold88"],[0,48041,48185,-1,"match_part","Scaffold88"],[0,48300,48398,-1,"match_part","Scaffold88"],[0,48624,48733,-1,"match_part","Scaffold88"],[0,48849,48993,-1,"match_part","Scaffold88"],[0,49192,49302,-1,"match_part","Scaffold88"],[0,49409,49572,-1,"match_part","Scaffold88"],[0,49713,49831,-1,"match_part","Scaffold88"],[0,50031,50146,-1,"match_part","Scaffold88"],[0,50249,50920,-1,"match_part","Scaffold88"],[0,51088,51267,-1,"match_part","Scaffold88"],[0,51268,51314,-1,"match_part","Scaffold88"],[0,51314,51355,-1,"match_part","Scaffold88"],[0,51355,51531,-1,"match_part","Scaffold88"],[0,53889,53914,1,"match_part","Scaffold88"],[0,54053,54255,1,"match_part","Scaffold88"],[0,54460,54687,1,"match_part","Scaffold88"],[0,54889,55002,1,"match_part","Scaffold88"],[0,55371,55540,1,"match_part","Scaffold88"],[0,56372,56548,-1,"match_part","Scaffold88"],[0,56671,56740,-1,"match_part","Scaffold88"],[0,56870,56994,-1,"match_part","Scaffold88"],[0,57605,57683,-1,"match_part","Scaffold88"],[0,67131,67328,-1,"match_part","Scaffold88"],[0,67788,68060,-1,"match_part","Scaffold88"],[0,68054,68213,-1,"match_part","Scaffold88"],[0,68463,68704,-1,"match_part","Scaffold88"],[0,69033,69106,-1,"match_part","Scaffold88"],[0,72799,73023,1,"match_part","Scaffold88"],[0,73341,73421,1,"match_part","Scaffold88"],[0,73594,73748,1,"match_part","Scaffold88"],[0,74163,74313,1,"match_part","Scaffold88"],[0,74801,74918,1,"match_part","Scaffold88"],[0,76052,76271,-1,"match_part","Scaffold88"],[0,76503,76623,-1,"match_part","Scaffold88"],[0,76708,76795,-1,"match_part","Scaffold88"],[0,76971,77080,-1,"match_part","Scaffold88"],[0,77193,77356,-1,"match_part","Scaffold88"],[0,78086,78277,-1,"match_part","Scaffold88"],[0,78440,78598,-1,"match_part","Scaffold88"],[0,78922,79135,-1,"match_part","Scaffold88"],[0,79458,79609,-1,"match_part","Scaffold88"],[0,79920,80068,-1,"match_part","Scaffold88"],[0,80515,80597,-1,"match_part","Scaffold88"],[0,80894,81089,-1,"match_part","Scaffold88"],[0,81938,82050,-1,"match_part","Scaffold88"],[0,82608,82740,-1,"match_part","Scaffold88"],[0,83172,83254,-1,"match_part","Scaffold88"],[0,83757,83888,-1,"match_part","Scaffold88"],[0,84439,84539,-1,"match_part","Scaffold88"],[0,84854,84943,-1,"match_part","Scaffold88"],[0,84943,84966,-1,"match_part","Scaffold88"],[0,85172,85289,-1,"match_part","Scaffold88"],[0,85375,85460,-1,"match_part","Scaffold88"],[0,85529,85604,-1,"match_part","Scaffold88"],[0,85605,85620,-1,"match_part","Scaffold88"],[0,89685,89778,-1,"match_part","Scaffold88"],[0,89778,89812,-1,"match_part","Scaffold88"],[0,89813,89859,-1,"match_part","Scaffold88"],[0,89861,89899,-1,"match_part","Scaffold88"],[0,89900,89957,-1,"match_part","Scaffold88"],[0,90011,90141,-1,"match_part","Scaffold88"],[0,90141,90168,-1,"match_part","Scaffold88"],[0,90168,90224,-1,"match_part","Scaffold88"],[0,90382,90715,-1,"match_part","Scaffold88"],[0,91071,91282,-1,"match_part","Scaffold88"],[0,91634,91878,-1,"match_part","Scaffold88"],[0,92356,92581,-1,"match_part","Scaffold88"],[0,93411,93510,-1,"match_part","Scaffold88"],[0,93840,93942,-1,"match_part","Scaffold88"],[0,94411,94548,-1,"match_part","Scaffold88"],[0,96012,96235,-1,"match_part","Scaffold88"],[0,96842,96919,-1,"match_part","Scaffold88"],[0,97295,97358,-1,"match_part","Scaffold88"],[0,97663,97804,-1,"match_part","Scaffold88"],[0,98049,98352,-1,"match_part","Scaffold88"],[0,98388,98649,-1,"match_part","Scaffold88"],[0,98697,98775,-1,"match_part","Scaffold88"],[0,98903,99116,-1,"match_part","Scaffold88"],[0,99240,99276,-1,"match_part","Scaffold88"],[0,99418,99512,-1,"match_part","Scaffold88"],[0,99886,100032,-1,"match_part","Scaffold88"],[0,100317,100400,-1,"match_part","Scaffold88"],[0,103269,103452,1,"match_part","Scaffold88"],[0,104366,104491,1,"match_part","Scaffold88"],[0,104752,104810,1,"match_part","Scaffold88"],[0,104880,105042,1,"match_part","Scaffold88"],[0,105262,105330,1,"match_part","Scaffold88"],[0,105691,105713,1,"match_part","Scaffold88"],[0,