{"featureCount":348,"formatVersion":1,"histograms":{"meta":[{"arrayParams":{"chunkSize":10000,"length":135,"urlTemplate":"hist-2000-{Chunk}.json"},"basesPerBin":"2000"},{"arrayParams":{"chunkSize":10000,"length":68,"urlTemplate":"hist-4000-{Chunk}.json"},"basesPerBin":"4000"}],"stats":[{"basesPerBin":"2000","max":25,"mean":2.71111111111111},{"basesPerBin":"4000","max":31,"mean":5.26470588235294}]},"intervals":{"classes":[{"attributes":["Start","End","Strand","Name","Seq_id"],"isArrayAttr":{}},{"attributes":["Start","End","Chunk"],"isArrayAttr":{"Sublist":1}}],"count":348,"lazyClass":1,"maxEnd":268277,"minStart":5683,"nclist":[[0,5683,5755,-1,"match_part","Scaffold46"],[0,5896,5999,-1,"match_part","Scaffold46"],[0,6179,6315,-1,"match_part","Scaffold46"],[0,6658,6861,-1,"match_part","Scaffold46"],[0,7536,7547,-1,"match_part","Scaffold46"],[0,7547,7737,-1,"match_part","Scaffold46"],[0,8515,8756,-1,"match_part","Scaffold46"],[0,8912,9124,-1,"match_part","Scaffold46"],[0,9244,9420,-1,"match_part","Scaffold46"],[0,9490,9625,-1,"match_part","Scaffold46"],[0,9873,9995,-1,"match_part","Scaffold46"],[0,10057,10216,-1,"match_part","Scaffold46"],[0,10370,10428,1,"match_part","Scaffold46"],[0,10491,10726,1,"match_part","Scaffold46"],[0,10807,10990,1,"match_part","Scaffold46"],[0,11499,11606,1,"match_part","Scaffold46"],[0,11779,11845,1,"match_part","Scaffold46"],[0,12076,12143,1,"match_part","Scaffold46"],[0,12190,12291,1,"match_part","Scaffold46"],[0,12813,12973,1,"match_part","Scaffold46"],[0,15406,15496,-1,"match_part","Scaffold46"],[0,16505,16575,-1,"match_part","Scaffold46"],[0,16920,17096,-1,"match_part","Scaffold46"],[0,17249,17388,-1,"match_part","Scaffold46"],[0,17488,17491,-1,"match_part","Scaffold46"],[0,17492,17678,-1,"match_part","Scaffold46"],[0,19019,19088,-1,"match_part","Scaffold46"],[0,19228,19322,-1,"match_part","Scaffold46"],[0,20186,20447,-1,"match_part","Scaffold46"],[0,21479,21574,-1,"match_part","Scaffold46"],[0,21860,22016,-1,"match_part","Scaffold46"],[0,22700,22869,-1,"match_part","Scaffold46"],[0,23157,23228,-1,"match_part","Scaffold46"],[0,23376,23406,-1,"match_part","Scaffold46"],[0,23529,23580,-1,"match_part","Scaffold46"],[0,23683,23750,-1,"match_part","Scaffold46"],[0,23854,24035,-1,"match_part","Scaffold46"],[0,27305,27477,-1,"match_part","Scaffold46"],[0,27674,27793,-1,"match_part","Scaffold46"],[0,27928,27977,-1,"match_part","Scaffold46"],[0,28094,28258,-1,"match_part","Scaffold46"],[0,28435,28532,-1,"match_part","Scaffold46"],[0,28614,28730,-1,"match_part","Scaffold46"],[0,28810,28961,-1,"match_part","Scaffold46"],[0,29084,29212,-1,"match_part","Scaffold46"],[0,31851,31988,1,"match_part","Scaffold46"],[0,32200,32389,1,"match_part","Scaffold46"],[0,32390,32410,1,"match_part","Scaffold46"],[0,32410,32473,1,"match_part","Scaffold46"],[0,33299,33496,1,"match_part","Scaffold46"],[0,33783,33981,1,"match_part","Scaffold46"],[0,34401,34568,1,"match_part","Scaffold46"],[0,34668,34836,1,"match_part","Scaffold46"],[0,35009,35099,1,"match_part","Scaffold46"],[0,35291,35402,1,"match_part","Scaffold46"],[0,35782,36129,1,"match_part","Scaffold46"],[0,37230,37266,-1,"match_part","Scaffold46"],[0,37329,37563,-1,"match_part","Scaffold46"],[0,37701,37775,-1,"match_part","Scaffold46"],[0,38091,38226,-1,"match_part","Scaffold46"],[0,38685,38856,-1,"match_part","Scaffold46"],[0,39881,40063,1,"match_part","Scaffold46"],[0,42531,42630,1,"match_part","Scaffold46"],[0,43011,43156,1,"match_part","Scaffold46"],[0,43483,43545,1,"match_part","Scaffold46"],[0,43982,44105,1,"match_part","Scaffold46"],[0,44516,44585,1,"match_part","Scaffold46"],[0,47047,47153,-1,"match_part","Scaffold46"],[0,47623,47730,-1,"match_part","Scaffold46"],[0,50602,50634,-1,"match_part","Scaffold46"],[0,50637,50676,-1,"match_part","Scaffold46"],[0,50676,50806,-1,"match_part","Scaffold46"],[0,51037,51130,-1,"match_part","Scaffold46"],[0,51959,51990,-1,"match_part","Scaffold46"],[0,52558,52685,-1,"match_part","Scaffold46"],[0,53109,53162,-1,"match_part","Scaffold46"],[0,53356,53484,-1,"match_part","Scaffold46"],[0,54497,54588,-1,"match_part","Scaffold46"],[0,54729,54776,-1,"match_part","Scaffold46"],[0,54932,55005,-1,"match_part","Scaffold46"],[0,55659,55784,-1,"match_part","Scaffold46"],[0,56015,56130,-1,"match_part","Scaffold46"],[0,56342,56415,-1,"match_part","Scaffold46"],[0,57097,57206,-1,"match_part","Scaffold46"],[0,57834,57945,-1,"match_part","Scaffold46"],[0,58162,58236,-1,"match_part","Scaffold46"],[0,59967,60072,-1,"match_part","Scaffold46"],[0,60410,60455,-1,"match_part","Scaffold46"],[0,82335,82413,-1,"match_part","Scaffold46"],[0,82813,82917,-1,"match_part","Scaffold46"],[0,84057,84130,-1,"match_part","Scaffold46"],[0,84679,84801,-1,"match_part","Scaffold46"],[0,88386,88460,-1,"match_part","Scaffold46"],[0,88539,88614,-1,"match_part","Scaffold46"],[0,89249,89579,-1,"match_part","Scaffold46"],[0,89623,89628,1,"match_part","Scaffold46"],[0,89631,89641,1,"match_part","Scaffold46"],[0,89982,89997,1,"match_part","Scaffold46"],[0,90326,90341,1,"match_part","Scaffold46"],[0,90341,90347,1,"match_part","Scaffold46"],[0,90350,90359,1,"match_part","Scaffold46"],[0,90362,90372,1,"match_part","Scaffold46"],[0,90375,90387,1,"match_part","Scaffold46"],[0,90387,90401,1,"match_part","Scaffold46"],[0,90404,90419,1,"match_part","Scaffold46"],[0,90422,90432,1,"match_part","Scaffold46"],[0,90435,90450,1,"match_part","Scaffold46"],[0,90453,90468,1,"match_part","Scaffold46"],[0,90471,90486,1,"match_part","Scaffold46"],[0,90489,90504,1,"match_part","Scaffold46"],[0,90507,90523,1,"match_part","Scaffold46"],[0,90523,90527,1,"match_part","Scaffold46"],[0,90530,90539,1,"match_part","Scaffold46"],[0,90539,90558,1,"match_part","Scaffold46"],[0,90561,90574,1,"match_part","Scaffold46"],[0,90574,90583,1,"match_part","Scaffold46"],[0,90583,90593,1,"match_part","Scaffold46"],[0,90594,90599,1,"match_part","Scaffold46"],[0,90599,90606,1,"match_part","Scaffold46"],[0,90607,90612,1,"match_part","Scaffold46"],[0,90615,90625,1,"match_part","Scaffold46"],[0,90663,90742,-1,"match_part","Scaffold46"],[0,91399,91530,-1,"match_part","Scaffold46"],[0,92035,92117,-1,"match_part","Scaffold46"],[0,92622,93001,-1,"match_part","Scaffold46"],[0,93078,93242,-1,"match_part","Scaffold46"],[0,93351,93682,-1,"match_part","Scaffold46"],[0,97332,97743,1,"match_part","Scaffold46"],[0,98398,98637,-1,"match_part","Scaffold46"],[0,98690,98704,1,"match_part","Scaffold46"],[0,98704,98714,1,"match_part","Scaffold46"],[0,98714,98728,1,"match_part","Scaffold46"],[0,98731,98746,1,"match_part","Scaffold46"],[0,99053,99184,-1,"match_part","Scaffold46"],[0,99497,99722,-1,"match_part","Scaffold46"],[0,100414,100474,-1,"match_part","Scaffold46"],[0,101492,101600,-1,"match_part","Scaffold46"],[0,102786,102928,-1,"match_part","Scaffold46"],[0,105997,106139,-1,"match_part","Scaffold46"],[0,106635,106724,-1,"match_part","Scaffold46"],[0,124180,124259,1,"match_part","Scaffold46"],[0,125014,125120,1,"match_part","Scaffold46"],[0,125571,125696,1,"match_part","Scaffold46"],[0,125966,126110,1,"match_part","Scaffold46"],[0,126253,126286,1,"match_part","Scaffold46"],[0,126287,126330,1,"match_part","Scaffold46"],[0,126473,126493,1,"match_part","Scaffold46"],[0,126503,126609,1,"match_part","Scaffold46",{"Sublist":[[0,126544,126553,1,"match_part","Scaffold46"]]}],[0,126609,126617,1,"match_part","Scaffold46"],[0,126617,126640,1,"match_part","Scaffold46"],[0,126641,126675,1,"match_part","Scaffold46"],[0,126921,127147,1,"match_part","Scaffold46"],[0,127196,127284,1,"match_part","Scaffold46"],[0,127378,127484,1,"match_part","Scaffold46"],[0,127793,128485,1,"match_part","Scaffold46"],[0,128823,128907,1,"match_part","Scaffold46"],[0,128959,129016,1,"match_part","Scaffold46"],[0,129125,129329,1,"match_part","Scaffold46"],[0,129702,129970,1,"match_part","Scaffold46"],[0,130151,131485,1,"match_part","Scaffold46"],[0,131591,132704,1,"match_part","Scaffold46"],[0,134140,134351,-1,"match_part","Scaffold46"],[0,134997,135106,-1,"match_part","Scaffold46"],[0,135177,