{"featureCount":366,"formatVersion":1,"histograms":{"meta":[{"arrayParams":{"chunkSize":10000,"length":128,"urlTemplate":"hist-2000-{Chunk}.json"},"basesPerBin":"2000"},{"arrayParams":{"chunkSize":10000,"length":64,"urlTemplate":"hist-4000-{Chunk}.json"},"basesPerBin":"4000"}],"stats":[{"basesPerBin":"2000","max":9,"mean":3.046875},{"basesPerBin":"4000","max":13,"mean":5.890625}]},"intervals":{"classes":[{"attributes":["Start","End","Strand","Name","Seq_id"],"isArrayAttr":{}},{"attributes":["Start","End","Chunk"],"isArrayAttr":{"Sublist":1}}],"count":366,"lazyClass":1,"maxEnd":254954,"minStart":705,"nclist":[[0,705,765,1,"match_part","Scaffold48"],[0,766,796,1,"match_part","Scaffold48"],[0,796,934,1,"match_part","Scaffold48"],[0,985,1038,1,"match_part","Scaffold48"],[0,1082,1161,1,"match_part","Scaffold48"],[0,1416,1566,1,"match_part","Scaffold48"],[0,2169,2516,-1,"match_part","Scaffold48"],[0,2625,2651,-1,"match_part","Scaffold48"],[0,2652,2698,-1,"match_part","Scaffold48"],[0,2701,2800,-1,"match_part","Scaffold48"],[0,3323,3398,1,"match_part","Scaffold48"],[0,3749,3877,1,"match_part","Scaffold48"],[0,4539,4629,1,"match_part","Scaffold48"],[0,4881,4971,1,"match_part","Scaffold48"],[0,5151,5232,1,"match_part","Scaffold48"],[0,5386,5477,1,"match_part","Scaffold48"],[0,5597,5675,1,"match_part","Scaffold48"],[0,5731,5830,1,"match_part","Scaffold48"],[0,6463,7347,1,"match_part","Scaffold48"],[0,7347,7366,1,"match_part","Scaffold48"],[0,11578,12548,1,"match_part","Scaffold48"],[0,12650,12698,1,"match_part","Scaffold48"],[0,12923,13142,1,"match_part","Scaffold48"],[0,13142,13254,1,"match_part","Scaffold48"],[0,13812,14093,-1,"match_part","Scaffold48"],[0,14886,15003,-1,"match_part","Scaffold48"],[0,15061,15778,-1,"match_part","Scaffold48"],[0,15822,15927,-1,"match_part","Scaffold48"],[0,15975,16193,-1,"match_part","Scaffold48"],[0,17432,17529,-1,"match_part","Scaffold48"],[0,17576,17779,-1,"match_part","Scaffold48"],[0,17827,18008,-1,"match_part","Scaffold48"],[0,18238,18418,-1,"match_part","Scaffold48"],[0,18632,18726,1,"match_part","Scaffold48"],[0,18778,18853,1,"match_part","Scaffold48"],[0,18950,19095,1,"match_part","Scaffold48"],[0,19096,19146,1,"match_part","Scaffold48"],[0,20157,20332,1,"match_part","Scaffold48"],[0,20783,20942,1,"match_part","Scaffold48"],[0,21260,21374,1,"match_part","Scaffold48"],[0,22568,23432,1,"match_part","Scaffold48"],[0,25211,25276,1,"match_part","Scaffold48"],[0,25394,25413,1,"match_part","Scaffold48"],[0,25869,25931,1,"match_part","Scaffold48"],[0,26447,26526,1,"match_part","Scaffold48"],[0,26893,27052,1,"match_part","Scaffold48"],[0,27426,27512,1,"match_part","Scaffold48"],[0,28970,29025,1,"match_part","Scaffold48"],[0,29405,29462,1,"match_part","Scaffold48"],[0,29920,30076,1,"match_part","Scaffold48"],[0,30186,30274,1,"match_part","Scaffold48"],[0,31051,31109,1,"match_part","Scaffold48"],[0,31609,31788,1,"match_part","Scaffold48"],[0,32397,32555,1,"match_part","Scaffold48"],[0,32937,33134,1,"match_part","Scaffold48"],[0,33770,33855,1,"match_part","Scaffold48"],[0,34275,34340,1,"match_part","Scaffold48"],[0,34711,34793,1,"match_part","Scaffold48"],[0,35802,35901,1,"match_part","Scaffold48"],[0,36635,36712,1,"match_part","Scaffold48"],[0,37031,37095,1,"match_part","Scaffold48"],[0,37212,37257,1,"match_part","Scaffold48"],[0,37350,37512,1,"match_part","Scaffold48"],[0,37829,37890,1,"match_part","Scaffold48"],[0,38016,38056,1,"match_part","Scaffold48"],[0,38372,38589,1,"match_part","Scaffold48"],[0,39167,39233,1,"match_part","Scaffold48"],[0,39476,39682,1,"match_part","Scaffold48"],[0,40072,40160,1,"match_part","Scaffold48"],[0,42182,42400,1,"match_part","Scaffold48"],[0,42657,42712,1,"match_part","Scaffold48"],[0,42783,42932,1,"match_part","Scaffold48"],[0,43143,43306,1,"match_part","Scaffold48"],[0,43491,43533,1,"match_part","Scaffold48"],[0,43534,43546,1,"match_part","Scaffold48"],[0,43547,43554,1,"match_part","Scaffold48"],[0,43555,43589,1,"match_part","Scaffold48"],[0,44279,44530,1,"match_part","Scaffold48"],[0,44767,44911,1,"match_part","Scaffold48"],[0,45081,45741,1,"match_part","Scaffold48"],[0,46043,46144,1,"match_part","Scaffold48"],[0,46511,46565,1,"match_part","Scaffold48"],[0,47248,47297,1,"match_part","Scaffold48"],[0,47404,47428,1,"match_part","Scaffold48"],[0,47582,47629,1,"match_part","Scaffold48"],[0,48145,48282,1,"match_part","Scaffold48"],[0,48912,48986,1,"match_part","Scaffold48"],[0,49252,49311,1,"match_part","Scaffold48"],[0,49609,49697,1,"match_part","Scaffold48"],[0,50611,50693,1,"match_part","Scaffold48"],[0,51997,52065,1,"match_part","Scaffold48"],[0,52473,52644,1,"match_part","Scaffold48"],[0,52748,52829,1,"match_part","Scaffold48"],[0,52920,53053,1,"match_part","Scaffold48"],[0,53181,53345,1,"match_part","Scaffold48"],[0,53457,53527,1,"match_part","Scaffold48"],[0,53945,54013,1,"match_part","Scaffold48"],[0,54227,54331,1,"match_part","Scaffold48"],[0,54636,54764,1,"match_part","Scaffold48"],[0,65198,65455,1,"match_part","Scaffold48"],[0,66709,67351,1,"match_part","Scaffold48"],[0,68971,69175,1,"match_part","Scaffold48"],[0,69175,69293,1,"match_part","Scaffold48"],[0,69314,69417,1,"match_part","Scaffold48"],[0,69933,70192,-1,"match_part","Scaffold48"],[0,70347,70400,-1,"match_part","Scaffold48"],[0,70685,71090,-1,"match_part","Scaffold48"],[0,73014,73108,-1,"match_part","Scaffold48"],[0,73179,73277,-1,"match_part","Scaffold48"],[0,73392,73544,-1,"match_part","Scaffold48"],[0,73708,73790,-1,"match_part","Scaffold48"],[0,74143,74416,-1,"match_part","Scaffold48"],[0,74595,74791,-1,"match_part","Scaffold48"],[0,74851,74895,1,"match_part","Scaffold48"],[0,74896,75037,1,"match_part","Scaffold48"],[0,75114,75166,1,"match_part","Scaffold48"],[0,75412,75455,1,"match_part","Scaffold48"],[0,75505,75577,1,"match_part","Scaffold48"],[0,76264,76423,1,"match_part","Scaffold48"],[0,76633,76750,1,"match_part","Scaffold48"],[0,76996,77122,1,"match_part","Scaffold48"],[0,77215,77296,1,"match_part","Scaffold48"],[0,77807,78024,1,"match_part","Scaffold48"],[0,78193,78277,1,"match_part","Scaffold48"],[0,78687,79012,1,"match_part","Scaffold48"],[0,80638,81041,1,"match_part","Scaffold48"],[0,81218,81252,1,"match_part","Scaffold48"],[0,81439,81583,1,"match_part","Scaffold48"],[0,82160,82258,1,"match_part","Scaffold48"],[0,82518,82661,-1,"match_part","Scaffold48"],[0,83371,83437,-1,"match_part","Scaffold48"],[0,90030,90211,1,"match_part","Scaffold48"],[0,90581,90629,1,"match_part","Scaffold48"],[0,90972,91020,1,"match_part","Scaffold48"],[0,91644,91797,1,"match_part","Scaffold48"],[0,92485,92568,1,"match_part","Scaffold48"],[0,97803,97983,-1,"match_part","Scaffold48"],[0,98065,98140,-1,"match_part","Scaffold48"],[0,98454,98740,-1,"match_part","Scaffold48"],[0,99161,99311,-1,"match_part","Scaffold48"],[0,99919,100008,-1,"match_part","Scaffold48"],[0,101036,101131,-1,"match_part","Scaffold48"],[0,101324,101397,-1,"match_part","Scaffold48"],[0,101691,102091,-1,"match_part","Scaffold48"],[0,109043,109199,1,"match_part","Scaffold48"],[0,109409,109524,1,"match_part","Scaffold48"],[0,109635,109764,1,"match_part","Scaffold48"],[0,110567,110725,1,"match_part","Scaffold48"],[0,111010,111111,1,"match_part","Scaffold48"],[0,111265,111313,1,"match_part","Scaffold48"],[0,111623,111667,1,"match_part","Scaffold48"],[0,112136,112224,1,"match_part","Scaffold48"],[0,112729,112790,1,"match_part","Scaffold48"],[0,113235,113304,1,"match_part","Scaffold48"],[0,114052,114151,1,"match_part","Scaffold48"],[0,114310,114357,1,"match_part","Scaffold48"],[0,114868,114911,1,"match_part","Scaffold48"],[0,114981,115060,1,"match_part","Scaffold48"],[0,115306,115400,1,"match_part","Scaffold48"],[0,115516,115561,1,"match_part","Scaffold48"],[0,115795,115931,1,"match_part","Scaffold48"],[0,116594,116661,1,"match_part","Scaffold48"],[0,116763,116866,1,"match_part","Scaffold48"],[0,117092,117359,1,"match_part","Scaffold48"],[0,117361,117394,1,"match_part","Scaffold48"],[0,117443,117535,1,"match_part","Scaffold48"],[0,117764,117811,1,"match_part",