{"featureCount":312,"formatVersion":1,"histograms":{"meta":[{"arrayParams":{"chunkSize":10000,"length":118,"urlTemplate":"hist-2000-{Chunk}.json"},"basesPerBin":"2000"},{"arrayParams":{"chunkSize":10000,"length":59,"urlTemplate":"hist-4000-{Chunk}.json"},"basesPerBin":"4000"}],"stats":[{"basesPerBin":"2000","max":14,"mean":2.77118644067797},{"basesPerBin":"4000","max":16,"mean":5.44067796610169}]},"intervals":{"classes":[{"attributes":["Start","End","Strand","Name","Seq_id"],"isArrayAttr":{}},{"attributes":["Start","End","Chunk"],"isArrayAttr":{"Sublist":1}}],"count":312,"lazyClass":1,"maxEnd":235626,"minStart":8640,"nclist":[[0,8640,8788,-1,"match_part","Scaffold65"],[0,9246,9498,-1,"match_part","Scaffold65"],[0,9918,9953,-1,"match_part","Scaffold65"],[0,10402,10422,-1,"match_part","Scaffold65"],[0,10478,10525,-1,"match_part","Scaffold65"],[0,10857,10924,-1,"match_part","Scaffold65"],[0,11201,11286,-1,"match_part","Scaffold65"],[0,11678,11752,-1,"match_part","Scaffold65"],[0,12097,12203,-1,"match_part","Scaffold65"],[0,12489,12538,-1,"match_part","Scaffold65"],[0,12969,13024,-1,"match_part","Scaffold65"],[0,17387,17436,1,"match_part","Scaffold65"],[0,17956,18040,1,"match_part","Scaffold65"],[0,18145,18223,1,"match_part","Scaffold65"],[0,18599,18713,1,"match_part","Scaffold65"],[0,19253,19374,1,"match_part","Scaffold65"],[0,19628,19755,1,"match_part","Scaffold65"],[0,19897,20560,1,"match_part","Scaffold65",{"Sublist":[[0,20030,20125,1,"match_part","Scaffold65"],[0,20219,20380,1,"match_part","Scaffold65"]]}],[0,20492,20560,1,"match_part","Scaffold65"],[0,20725,20840,1,"match_part","Scaffold65",{"Sublist":[[0,20725,20826,1,"match_part","Scaffold65"]]}],[0,21151,21300,1,"match_part","Scaffold65"],[0,21568,21629,1,"match_part","Scaffold65"],[0,21865,22052,1,"match_part","Scaffold65"],[0,22288,22409,1,"match_part","Scaffold65"],[0,22747,22936,1,"match_part","Scaffold65"],[0,23183,23226,1,"match_part","Scaffold65"],[0,23284,23350,1,"match_part","Scaffold65"],[0,23590,23780,1,"match_part","Scaffold65"],[0,24149,24205,1,"match_part","Scaffold65"],[0,24518,24812,1,"match_part","Scaffold65"],[0,32560,32773,-1,"match_part","Scaffold65"],[0,32807,33154,-1,"match_part","Scaffold65"],[0,33380,33484,-1,"match_part","Scaffold65"],[0,33784,33873,-1,"match_part","Scaffold65"],[0,34621,34713,-1,"match_part","Scaffold65"],[0,34873,34948,-1,"match_part","Scaffold65"],[0,35112,35529,-1,"match_part","Scaffold65"],[0,35910,35928,-1,"match_part","Scaffold65"],[0,35952,36133,-1,"match_part","Scaffold65"],[0,36539,36641,-1,"match_part","Scaffold65"],[0,37445,37556,-1,"match_part","Scaffold65"],[0,38111,38151,-1,"match_part","Scaffold65"],[0,38257,38301,-1,"match_part","Scaffold65"],[0,38354,38417,-1,"match_part","Scaffold65"],[0,38417,38444,-1,"match_part","Scaffold65"],[0,38520,38585,1,"match_part","Scaffold65"],[0,38632,38654,1,"match_part","Scaffold65"],[0,38661,38669,1,"match_part","Scaffold65"],[0,38669,38763,1,"match_part","Scaffold65"],[0,39252,39340,1,"match_part","Scaffold65"],[0,39414,39516,1,"match_part","Scaffold65"],[0,40419,40475,1,"match_part","Scaffold65"],[0,40529,40582,1,"match_part","Scaffold65"],[0,40839,40915,1,"match_part","Scaffold65"],[0,41003,41053,1,"match_part","Scaffold65"],[0,41256,41339,1,"match_part","Scaffold65"],[0,41808,41976,1,"match_part","Scaffold65"],[0,42194,42266,1,"match_part","Scaffold65"],[0,42738,42854,1,"match_part","Scaffold65"],[0,43383,43738,1,"match_part","Scaffold65"],[0,44051,44132,1,"match_part","Scaffold65"],[0,44221,44434,1,"match_part","Scaffold65"],[0,45007,45117,1,"match_part","Scaffold65"],[0,45525,45538,1,"match_part","Scaffold65"],[0,45727,45807,1,"match_part","Scaffold65"],[0,46231,46238,1,"match_part","Scaffold65"],[0,46238,46454,1,"match_part","Scaffold65"],[0,46454,46617,1,"match_part","Scaffold65"],[0,46463,46652,1,"match_part","Scaffold65",{"Sublist":[[0,46636,46648,1,"match_part","Scaffold65"]]}],[0,46654,46758,1,"match_part","Scaffold65",{"Sublist":[[0,46672,46678,1,"match_part","Scaffold65"]]}],[0,46859,47363,1,"match_part","Scaffold65",{"Sublist":[[0,47209,47254,1,"match_part","Scaffold65"]]}],[0,47364,47403,1,"match_part","Scaffold65"],[0,47979,48050,1,"match_part","Scaffold65"],[0,48333,48489,1,"match_part","Scaffold65"],[0,48695,48764,1,"match_part","Scaffold65"],[0,49347,49472,1,"match_part","Scaffold65"],[0,50178,50260,1,"match_part","Scaffold65"],[0,51162,51272,1,"match_part","Scaffold65"],[0,51697,51773,1,"match_part","Scaffold65"],[0,53585,53629,1,"match_part","Scaffold65"],[0,53630,53650,1,"match_part","Scaffold65"],[0,53650,54040,1,"match_part","Scaffold65"],[0,55045,55402,1,"match_part","Scaffold65"],[0,55293,56056,1,"match_part","Scaffold65",{"Sublist":[[0,55293,55402,1,"match_part","Scaffold65"]]}],[0,57303,57425,1,"match_part","Scaffold65"],[0,57303,57425,1,"match_part","Scaffold65"],[0,58192,58276,1,"match_part","Scaffold65"],[0,58595,58733,1,"match_part","Scaffold65"],[0,60705,60875,1,"match_part","Scaffold65"],[0,61170,61233,1,"match_part","Scaffold65"],[0,61398,61534,1,"match_part","Scaffold65"],[0,61899,62022,1,"match_part","Scaffold65"],[0,62160,62190,1,"match_part","Scaffold65"],[0,62382,62955,1,"match_part","Scaffold65"],[0,62832,62955,1,"match_part","Scaffold65"],[0,62832,62955,1,"match_part","Scaffold65"],[0,63284,63368,1,"match_part","Scaffold65"],[0,63284,63368,1,"match_part","Scaffold65"],[0,63284,63368,1,"match_part","Scaffold65"],[0,64433,64796,1,"match_part","Scaffold65",{"Sublist":[[0,64433,64508,1,"match_part","Scaffold65"],[0,64433,64508,1,"match_part","Scaffold65"]]}],[0,65045,65261,1,"match_part","Scaffold65",{"Sublist":[[0,65045,65153,1,"match_part","Scaffold65"]]}],[0,65261,65407,1,"match_part","Scaffold65"],[0,65611,65731,1,"match_part","Scaffold65"],[0,65851,65991,1,"match_part","Scaffold65"],[0,67292,67543,1,"match_part","Scaffold65"],[0,69234,69353,1,"match_part","Scaffold65"],[0,69655,70033,1,"match_part","Scaffold65"],[0,71956,71968,-1,"match_part","Scaffold65"],[0,71996,72223,-1,"match_part","Scaffold65"],[0,72323,72398,-1,"match_part","Scaffold65"],[0,72785,72910,-1,"match_part","Scaffold65"],[0,73126,73185,-1,"match_part","Scaffold65"],[0,73344,73427,-1,"match_part","Scaffold65"],[0,74243,74290,-1,"match_part","Scaffold65"],[0,75907,75997,-1,"match_part","Scaffold65"],[0,76112,76170,-1,"match_part","Scaffold65"],[0,76429,76521,-1,"match_part","Scaffold65"],[0,76792,76909,-1,"match_part","Scaffold65"],[0,77276,77360,-1,"match_part","Scaffold65"],[0,77452,77499,-1,"match_part","Scaffold65"],[0,78055,78184,-1,"match_part","Scaffold65"],[0,78560,78664,-1,"match_part","Scaffold65"],[0,78781,78812,-1,"match_part","Scaffold65"],[0,78868,78878,-1,"match_part","Scaffold65"],[0,86161,86395,-1,"match_part","Scaffold65"],[0,86391,86425,-1,"match_part","Scaffold65"],[0,86395,86600,-1,"match_part","Scaffold65"],[0,86629,86712,-1,"match_part","Scaffold65"],[0,86912,87198,-1,"match_part","Scaffold65"],[0,87427,87478,-1,"match_part","Scaffold65"],[0,87543,87729,-1,"match_part","Scaffold65"],[0,87781,87974,-1,"match_part","Scaffold65"],[0,88071,88210,-1,"match_part","Scaffold65"],[0,88684,88744,-1,"match_part","Scaffold65"],[0,88744,88768,-1,"match_part","Scaffold65"],[0,88824,88877,-1,"match_part","Scaffold65"],[0,89163,89273,-1,"match_part","Scaffold65"],[0,89722,89836,-1,"match_part","Scaffold65"],[0,90525,90595,-1,"match_part","Scaffold65"],[0,90916,90921,-1,"match_part","Scaffold65"],[0,90948,90962,-1,"match_part","Scaffold65"],[0,91074,91127,-1,"match_part","Scaffold65"],[0,91291,91404,-1,"match_part","Scaffold65"],[0,91703,91773,-1,"match_part","Scaffold65"],[0,92978,93121,-1,"match_part","Scaffold65"],[0,97284,97320,1,"match_part","Scaffold65"],[0,97390,97489,1,"match_part","Scaffold65"],[0,97566,97665,1,"match_part","Scaffold65"],[0,97728,97805,1,"match_part","Scaffold65"],[0,97886,98013,1,"match_part","Scaffold65"],[0,102457,102667,-1,"match_part","Scaffold65"],[0,102742,102800,-1,"match_part","Scaffold65"],[0,102800,102907,-1,"match_part","Scaffold65",{"Sublist":[[0,