{"featureCount":417,"formatVersion":1,"histograms":{"meta":[{"arrayParams":{"chunkSize":10000,"length":113,"urlTemplate":"hist-2000-{Chunk}.json"},"basesPerBin":"2000"},{"arrayParams":{"chunkSize":10000,"length":57,"urlTemplate":"hist-4000-{Chunk}.json"},"basesPerBin":"4000"}],"stats":[{"basesPerBin":"2000","max":16,"mean":3.95575221238938},{"basesPerBin":"4000","max":24,"mean":7.64912280701754}]},"intervals":{"classes":[{"attributes":["Start","End","Strand","Name","Seq_id"],"isArrayAttr":{}},{"attributes":["Start","End","Chunk"],"isArrayAttr":{"Sublist":1}}],"count":417,"lazyClass":1,"maxEnd":225636,"minStart":3730,"nclist":[[0,3730,3931,-1,"match_part","Scaffold78"],[0,4331,4507,-1,"match_part","Scaffold78"],[0,4992,5140,-1,"match_part","Scaffold78"],[0,5278,5378,-1,"match_part","Scaffold78"],[0,5470,5547,-1,"match_part","Scaffold78"],[0,5978,6077,-1,"match_part","Scaffold78"],[0,6256,6341,-1,"match_part","Scaffold78"],[0,6648,6999,-1,"match_part","Scaffold78"],[0,9004,9091,1,"match_part","Scaffold78"],[0,9404,9612,1,"match_part","Scaffold78"],[0,9797,9888,1,"match_part","Scaffold78"],[0,10045,10191,1,"match_part","Scaffold78"],[0,10440,10535,-1,"match_part","Scaffold78"],[0,11337,11469,-1,"match_part","Scaffold78"],[0,11966,12074,-1,"match_part","Scaffold78"],[0,12503,12605,-1,"match_part","Scaffold78"],[0,12957,13075,-1,"match_part","Scaffold78"],[0,13779,13891,-1,"match_part","Scaffold78"],[0,14097,14240,-1,"match_part","Scaffold78"],[0,14507,14877,-1,"match_part","Scaffold78"],[0,17496,17917,-1,"match_part","Scaffold78"],[0,17917,18096,-1,"match_part","Scaffold78"],[0,22172,22558,-1,"match_part","Scaffold78"],[0,22487,22558,-1,"match_part","Scaffold78"],[0,22932,23198,-1,"match_part","Scaffold78"],[0,23335,23448,-1,"match_part","Scaffold78"],[0,23560,23629,-1,"match_part","Scaffold78"],[0,23679,23887,-1,"match_part","Scaffold78"],[0,23941,23979,-1,"match_part","Scaffold78"],[0,23979,24141,-1,"match_part","Scaffold78"],[0,24191,24550,-1,"match_part","Scaffold78"],[0,26348,26752,-1,"match_part","Scaffold78"],[0,26810,27036,-1,"match_part","Scaffold78"],[0,27201,27327,-1,"match_part","Scaffold78"],[0,27399,27476,-1,"match_part","Scaffold78"],[0,27543,27810,-1,"match_part","Scaffold78"],[0,28076,28817,-1,"match_part","Scaffold78"],[0,28529,28817,-1,"match_part","Scaffold78"],[0,28908,28937,1,"match_part","Scaffold78"],[0,29001,29087,1,"match_part","Scaffold78"],[0,29143,29615,1,"match_part","Scaffold78"],[0,29724,29799,1,"match_part","Scaffold78"],[0,29868,29934,1,"match_part","Scaffold78"],[0,29934,29942,1,"match_part","Scaffold78"],[0,30504,30719,1,"match_part","Scaffold78"],[0,30857,30982,1,"match_part","Scaffold78"],[0,31202,31957,1,"match_part","Scaffold78"],[0,32041,33286,1,"match_part","Scaffold78"],[0,33385,33516,1,"match_part","Scaffold78"],[0,37522,37917,1,"match_part","Scaffold78"],[0,38170,38280,1,"match_part","Scaffold78"],[0,38372,38405,1,"match_part","Scaffold78"],[0,38451,38484,1,"match_part","Scaffold78"],[0,38579,38704,1,"match_part","Scaffold78"],[0,40213,40322,1,"match_part","Scaffold78"],[0,40505,40680,1,"match_part","Scaffold78"],[0,40947,41175,1,"match_part","Scaffold78"],[0,42385,42390,1,"match_part","Scaffold78"],[0,42392,42593,1,"match_part","Scaffold78"],[0,42642,42823,1,"match_part","Scaffold78"],[0,42831,42876,1,"match_part","Scaffold78"],[0,42877,42889,1,"match_part","Scaffold78"],[0,43873,43948,1,"match_part","Scaffold78"],[0,43873,43948,1,"match_part","Scaffold78"],[0,44112,44491,1,"match_part","Scaffold78",{"Sublist":[[0,44112,44326,1,"match_part","Scaffold78"]]}],[0,44492,44563,1,"match_part","Scaffold78"],[0,44677,44698,1,"match_part","Scaffold78"],[0,44953,45234,1,"match_part","Scaffold78"],[0,45554,45699,1,"match_part","Scaffold78"],[0,45971,46040,1,"match_part","Scaffold78"],[0,46374,46449,1,"match_part","Scaffold78"],[0,46793,46871,1,"match_part","Scaffold78"],[0,47865,47972,1,"match_part","Scaffold78"],[0,48150,48275,1,"match_part","Scaffold78"],[0,48824,48908,1,"match_part","Scaffold78"],[0,49028,49220,1,"match_part","Scaffold78"],[0,49512,49549,1,"match_part","Scaffold78"],[0,49709,49831,1,"match_part","Scaffold78"],[0,49909,50076,1,"match_part","Scaffold78"],[0,50175,50267,1,"match_part","Scaffold78"],[0,50337,50500,1,"match_part","Scaffold78"],[0,50691,50813,1,"match_part","Scaffold78"],[0,50830,51167,1,"match_part","Scaffold78"],[0,51403,51459,1,"match_part","Scaffold78"],[0,51509,51812,1,"match_part","Scaffold78"],[0,51912,52049,1,"match_part","Scaffold78"],[0,52163,52445,1,"match_part","Scaffold78"],[0,53663,53721,-1,"match_part","Scaffold78"],[0,54205,54212,-1,"match_part","Scaffold78"],[0,54213,54254,-1,"match_part","Scaffold78"],[0,54336,54468,-1,"match_part","Scaffold78"],[0,54639,54782,-1,"match_part","Scaffold78"],[0,55006,55065,-1,"match_part","Scaffold78"],[0,55121,55207,-1,"match_part","Scaffold78"],[0,55296,55419,-1,"match_part","Scaffold78"],[0,55490,55615,-1,"match_part","Scaffold78"],[0,55762,55839,-1,"match_part","Scaffold78"],[0,55910,55985,-1,"match_part","Scaffold78"],[0,56038,56176,-1,"match_part","Scaffold78"],[0,56768,56871,-1,"match_part","Scaffold78"],[0,56977,57053,-1,"match_part","Scaffold78"],[0,57469,57647,-1,"match_part","Scaffold78"],[0,57710,57948,-1,"match_part","Scaffold78"],[0,58012,58121,-1,"match_part","Scaffold78"],[0,58710,58858,-1,"match_part","Scaffold78"],[0,58968,59190,-1,"match_part","Scaffold78"],[0,59404,59572,-1,"match_part","Scaffold78"],[0,59678,60157,-1,"match_part","Scaffold78"],[0,60157,60177,-1,"match_part","Scaffold78"],[0,66370,66554,-1,"match_part","Scaffold78"],[0,66881,67013,-1,"match_part","Scaffold78"],[0,67318,67436,-1,"match_part","Scaffold78"],[0,67576,67639,-1,"match_part","Scaffold78"],[0,68120,68336,-1,"match_part","Scaffold78"],[0,68808,68904,-1,"match_part","Scaffold78"],[0,69054,69155,-1,"match_part","Scaffold78"],[0,69276,69347,-1,"match_part","Scaffold78"],[0,69482,69630,-1,"match_part","Scaffold78"],[0,70063,70228,-1,"match_part","Scaffold78"],[0,70692,70892,-1,"match_part","Scaffold78"],[0,71110,71183,-1,"match_part","Scaffold78"],[0,71649,71727,-1,"match_part","Scaffold78"],[0,72163,72300,-1,"match_part","Scaffold78"],[0,72974,73048,-1,"match_part","Scaffold78"],[0,73199,73327,-1,"match_part","Scaffold78"],[0,73985,74226,-1,"match_part","Scaffold78"],[0,74761,74869,-1,"match_part","Scaffold78"],[0,75037,75082,-1,"match_part","Scaffold78"],[0,75452,75557,-1,"match_part","Scaffold78"],[0,75982,76114,-1,"match_part","Scaffold78"],[0,76490,76605,-1,"match_part","Scaffold78"],[0,76843,76907,-1,"match_part","Scaffold78"],[0,77180,77224,-1,"match_part","Scaffold78"],[0,77412,77498,-1,"match_part","Scaffold78"],[0,77859,77932,-1,"match_part","Scaffold78"],[0,78138,78304,-1,"match_part","Scaffold78"],[0,78769,78817,-1,"match_part","Scaffold78"],[0,79007,79199,-1,"match_part","Scaffold78"],[0,79547,79626,-1,"match_part","Scaffold78"],[0,79773,79823,-1,"match_part","Scaffold78"],[0,80315,80471,-1,"match_part","Scaffold78"],[0,80594,80816,1,"match_part","Scaffold78"],[0,80973,81123,1,"match_part","Scaffold78"],[0,81170,81263,1,"match_part","Scaffold78"],[0,81382,81543,1,"match_part","Scaffold78"],[0,82014,82150,1,"match_part","Scaffold78"],[0,82244,82329,1,"match_part","Scaffold78"],[0,82434,82628,1,"match_part","Scaffold78"],[0,82681,82719,1,"match_part","Scaffold78"],[0,82790,82901,1,"match_part","Scaffold78"],[0,83054,83154,1,"match_part","Scaffold78"],[0,83377,83577,1,"match_part","Scaffold78"],[0,83537,83853,1,"match_part","Scaffold78"],[0,83884,84003,1,"match_part","Scaffold78"],[0,84003,84011,1,"match_part","Scaffold78"],[0,84011,84049,1,"match_part","Scaffold78"],[0,84049,84075,1,"match_part","Scaffold78"],[0,84078,84110,1,"match_part","Scaffold78"],[0,84476,84679,1,"match_part","Scaffold78"],[0,84888,85030,1,"match_part","Scaffold78"],[0,85169,85233,1,"match_part","Scaffold78"],[0,85293,85418,1,"match_part","Scaffold78"],[0,85590,85717,1,"match_part","Scaffold78"],[0,85846,85898,1,"match_part","Scaffold78"],[0,85980,86120,1,