{"featureCount":422,"formatVersion":1,"histograms":{"meta":[{"arrayParams":{"chunkSize":10000,"length":164,"urlTemplate":"hist-2000-{Chunk}.json"},"basesPerBin":"2000"},{"arrayParams":{"chunkSize":10000,"length":82,"urlTemplate":"hist-4000-{Chunk}.json"},"basesPerBin":"4000"}],"stats":[{"basesPerBin":"2000","max":14,"mean":2.71951219512195},{"basesPerBin":"4000","max":18,"mean":5.26829268292683}]},"intervals":{"classes":[{"attributes":["Start","End","Strand","Name","Seq_id"],"isArrayAttr":{}},{"attributes":["Start","End","Chunk"],"isArrayAttr":{"Sublist":1}}],"count":422,"lazyClass":1,"maxEnd":327507,"minStart":330,"nclist":[[0,330,392,1,"match_part","Scaffold23"],[0,1176,1311,1,"match_part","Scaffold23"],[0,1965,2156,1,"match_part","Scaffold23"],[0,2651,2751,1,"match_part","Scaffold23"],[0,3004,3063,1,"match_part","Scaffold23"],[0,3171,3184,1,"match_part","Scaffold23"],[0,3197,3251,1,"match_part","Scaffold23"],[0,3452,3607,1,"match_part","Scaffold23"],[0,4430,4665,1,"match_part","Scaffold23"],[0,5198,5421,1,"match_part","Scaffold23"],[0,5617,5721,1,"match_part","Scaffold23"],[0,5739,5858,1,"match_part","Scaffold23"],[0,5858,5865,1,"match_part","Scaffold23"],[0,6142,6328,1,"match_part","Scaffold23"],[0,6448,6542,1,"match_part","Scaffold23"],[0,7302,7442,1,"match_part","Scaffold23"],[0,7900,8046,1,"match_part","Scaffold23"],[0,8345,8664,1,"match_part","Scaffold23"],[0,8665,8783,1,"match_part","Scaffold23"],[0,10018,10089,1,"match_part","Scaffold23"],[0,10726,10809,1,"match_part","Scaffold23"],[0,11315,11484,1,"match_part","Scaffold23"],[0,23451,23603,-1,"match_part","Scaffold23"],[0,23868,24005,-1,"match_part","Scaffold23"],[0,24218,24433,-1,"match_part","Scaffold23"],[0,24665,24944,-1,"match_part","Scaffold23",{"Sublist":[[0,24665,24687,-1,"match_part","Scaffold23"],[0,24687,24699,-1,"match_part","Scaffold23"],[0,24699,24721,-1,"match_part","Scaffold23"],[0,24726,24924,-1,"match_part","Scaffold23"]]}],[0,24968,24986,-1,"match_part","Scaffold23"],[0,24987,24995,-1,"match_part","Scaffold23"],[0,24995,25167,-1,"match_part","Scaffold23"],[0,25167,25175,-1,"match_part","Scaffold23"],[0,25175,25208,-1,"match_part","Scaffold23"],[0,25346,25486,-1,"match_part","Scaffold23"],[0,25737,25933,-1,"match_part","Scaffold23"],[0,26115,26589,-1,"match_part","Scaffold23"],[0,26685,26898,-1,"match_part","Scaffold23"],[0,26989,27077,-1,"match_part","Scaffold23"],[0,27405,27812,-1,"match_part","Scaffold23"],[0,28067,28239,-1,"match_part","Scaffold23"],[0,28315,28384,-1,"match_part","Scaffold23"],[0,28641,28680,-1,"match_part","Scaffold23"],[0,28746,28787,-1,"match_part","Scaffold23"],[0,28952,29090,-1,"match_part","Scaffold23"],[0,29197,29280,-1,"match_part","Scaffold23"],[0,29333,29410,-1,"match_part","Scaffold23"],[0,29636,29876,-1,"match_part","Scaffold23"],[0,30092,30184,-1,"match_part","Scaffold23"],[0,30185,30274,-1,"match_part","Scaffold23"],[0,30279,30430,-1,"match_part","Scaffold23"],[0,30431,30489,-1,"match_part","Scaffold23"],[0,30489,30529,-1,"match_part","Scaffold23"],[0,30617,30883,1,"match_part","Scaffold23"],[0,30883,31032,1,"match_part","Scaffold23"],[0,31043,31077,1,"match_part","Scaffold23"],[0,34025,34138,-1,"match_part","Scaffold23"],[0,34533,34708,-1,"match_part","Scaffold23"],[0,35266,35406,-1,"match_part","Scaffold23"],[0,36371,36384,-1,"match_part","Scaffold23"],[0,36827,36989,-1,"match_part","Scaffold23"],[0,37212,37475,-1,"match_part","Scaffold23"],[0,38193,38373,-1,"match_part","Scaffold23"],[0,39249,39343,-1,"match_part","Scaffold23"],[0,39629,39777,-1,"match_part","Scaffold23"],[0,39938,40001,-1,"match_part","Scaffold23"],[0,40102,40118,-1,"match_part","Scaffold23"],[0,40488,40503,1,"match_part","Scaffold23"],[0,40506,40578,1,"match_part","Scaffold23"],[0,40724,40814,1,"match_part","Scaffold23"],[0,41227,41377,1,"match_part","Scaffold23"],[0,41830,41916,1,"match_part","Scaffold23"],[0,42016,42250,1,"match_part","Scaffold23"],[0,44538,44670,-1,"match_part","Scaffold23"],[0,44714,44746,-1,"match_part","Scaffold23"],[0,45275,45357,-1,"match_part","Scaffold23"],[0,45563,45649,-1,"match_part","Scaffold23"],[0,46514,46652,-1,"match_part","Scaffold23"],[0,46889,46987,-1,"match_part","Scaffold23"],[0,47679,47785,-1,"match_part","Scaffold23"],[0,47977,48132,-1,"match_part","Scaffold23"],[0,48728,48810,-1,"match_part","Scaffold23"],[0,49095,49247,-1,"match_part","Scaffold23"],[0,49343,49457,-1,"match_part","Scaffold23"],[0,49592,49658,-1,"match_part","Scaffold23"],[0,50018,50675,-1,"match_part","Scaffold23"],[0,50998,51120,1,"match_part","Scaffold23"],[0,51599,51669,1,"match_part","Scaffold23"],[0,51858,51927,1,"match_part","Scaffold23"],[0,52111,52183,1,"match_part","Scaffold23"],[0,52242,52318,1,"match_part","Scaffold23"],[0,52565,52817,1,"match_part","Scaffold23"],[0,52960,53173,1,"match_part","Scaffold23"],[0,53344,53480,1,"match_part","Scaffold23"],[0,53632,53793,1,"match_part","Scaffold23"],[0,53847,54155,1,"match_part","Scaffold23"],[0,54752,55062,1,"match_part","Scaffold23"],[0,55129,55274,1,"match_part","Scaffold23"],[0,55328,55396,1,"match_part","Scaffold23"],[0,55445,55539,1,"match_part","Scaffold23"],[0,55588,55677,1,"match_part","Scaffold23"],[0,55902,56011,1,"match_part","Scaffold23"],[0,56359,56705,1,"match_part","Scaffold23"],[0,56711,57013,1,"match_part","Scaffold23"],[0,57080,57085,1,"match_part","Scaffold23"],[0,58009,58163,1,"match_part","Scaffold23"],[0,58441,58538,1,"match_part","Scaffold23"],[0,58665,58736,1,"match_part","Scaffold23"],[0,59101,59179,1,"match_part","Scaffold23"],[0,59274,59329,1,"match_part","Scaffold23"],[0,59695,59824,1,"match_part","Scaffold23"],[0,60001,60077,1,"match_part","Scaffold23"],[0,60077,60147,1,"match_part","Scaffold23"],[0,60147,60187,1,"match_part","Scaffold23"],[0,60273,60278,1,"match_part","Scaffold23"],[0,60298,60514,1,"match_part","Scaffold23"],[0,60335,60514,1,"match_part","Scaffold23"],[0,60870,61050,-1,"match_part","Scaffold23"],[0,61633,61721,-1,"match_part","Scaffold23"],[0,61860,61961,-1,"match_part","Scaffold23"],[0,62555,62664,-1,"match_part","Scaffold23"],[0,62974,63081,-1,"match_part","Scaffold23"],[0,63404,63450,-1,"match_part","Scaffold23"],[0,72133,72255,-1,"match_part","Scaffold23"],[0,72597,72707,-1,"match_part","Scaffold23"],[0,73221,73351,-1,"match_part","Scaffold23"],[0,73786,73900,-1,"match_part","Scaffold23"],[0,74909,75023,-1,"match_part","Scaffold23"],[0,75520,75637,-1,"match_part","Scaffold23"],[0,75752,75832,-1,"match_part","Scaffold23"],[0,75883,75946,-1,"match_part","Scaffold23"],[0,76222,76331,-1,"match_part","Scaffold23"],[0,76814,76915,-1,"match_part","Scaffold23"],[0,77364,77511,-1,"match_part","Scaffold23"],[0,77666,77804,-1,"match_part","Scaffold23"],[0,78106,78265,-1,"match_part","Scaffold23"],[0,78532,79051,-1,"match_part","Scaffold23"],[0,79063,79285,-1,"match_part","Scaffold23"],[0,79414,79534,-1,"match_part","Scaffold23"],[0,79604,79643,-1,"match_part","Scaffold23"],[0,79700,79823,-1,"match_part","Scaffold23"],[0,80006,80300,-1,"match_part","Scaffold23"],[0,80499,80564,-1,"match_part","Scaffold23"],[0,80566,80668,-1,"match_part","Scaffold23"],[0,80673,80759,-1,"match_part","Scaffold23"],[0,80759,80878,-1,"match_part","Scaffold23"],[0,80806,80878,-1,"match_part","Scaffold23"],[0,80989,81411,-1,"match_part","Scaffold23"],[0,81315,81411,-1,"match_part","Scaffold23"],[0,81315,81411,-1,"match_part","Scaffold23"],[0,81907,82065,-1,"match_part","Scaffold23",{"Sublist":[[0,81907,82063,-1,"match_part","Scaffold23"],[0,81907,82063,-1,"match_part","Scaffold23"]]}],[0,82490,83093,-1,"match_part","Scaffold23",{"Sublist":[[0,82490,82626,-1,"match_part","Scaffold23"]]}],[0,83167,83785,-1,"match_part","Scaffold23"],[0,83866,83912,-1,"match_part","Scaffold23"],[0,83970,84038,-1,"match_part","Scaffold23"],[0,84090,84190,-1,"match_part","Scaffold23"],[0,84263,84397,-1,"match_part","Scaffold23"],[0,84547,84664,-1,"match_part","Scaffold23"],[0,84709,84881,-1,"match_part","Scaffold23"],[0,84947,85030,-1,"match_part","Scaffold23"],[0,85084,85252,-1,"match_part","Scaffold23"],