{"featureCount":383,"formatVersion":1,"histograms":{"meta":[{"arrayParams":{"chunkSize":10000,"length":133,"urlTemplate":"hist-2000-{Chunk}.json"},"basesPerBin":"2000"},{"arrayParams":{"chunkSize":10000,"length":67,"urlTemplate":"hist-4000-{Chunk}.json"},"basesPerBin":"4000"}],"stats":[{"basesPerBin":"2000","max":11,"mean":3.02255639097744},{"basesPerBin":"4000","max":15,"mean":5.85074626865672}]},"intervals":{"classes":[{"attributes":["Start","End","Strand","Name","Seq_id"],"isArrayAttr":{}},{"attributes":["Start","End","Chunk"],"isArrayAttr":{"Sublist":1}}],"count":383,"lazyClass":1,"maxEnd":264221,"minStart":765,"nclist":[[0,765,986,-1,"match_part","Scaffold47"],[0,1853,1959,-1,"match_part","Scaffold47"],[0,2782,2872,-1,"match_part","Scaffold47"],[0,3344,3398,-1,"match_part","Scaffold47"],[0,3582,3665,-1,"match_part","Scaffold47"],[0,4060,4152,-1,"match_part","Scaffold47"],[0,4428,4484,-1,"match_part","Scaffold47"],[0,5056,5190,-1,"match_part","Scaffold47"],[0,14817,14937,-1,"match_part","Scaffold47"],[0,15062,15115,-1,"match_part","Scaffold47"],[0,15323,15367,-1,"match_part","Scaffold47"],[0,15568,15734,-1,"match_part","Scaffold47"],[0,16107,16189,-1,"match_part","Scaffold47"],[0,22487,22620,-1,"match_part","Scaffold47"],[0,25736,26940,-1,"match_part","Scaffold47"],[0,26943,27004,-1,"match_part","Scaffold47"],[0,27333,27444,-1,"match_part","Scaffold47"],[0,28037,28055,1,"match_part","Scaffold47"],[0,28057,28520,1,"match_part","Scaffold47"],[0,28522,28537,1,"match_part","Scaffold47"],[0,28539,28557,1,"match_part","Scaffold47"],[0,28557,28586,1,"match_part","Scaffold47"],[0,28587,28685,1,"match_part","Scaffold47"],[0,28686,28839,1,"match_part","Scaffold47"],[0,28839,28857,1,"match_part","Scaffold47"],[0,28857,29054,1,"match_part","Scaffold47"],[0,29362,29815,-1,"match_part","Scaffold47"],[0,37085,37202,-1,"match_part","Scaffold47"],[0,37575,37692,-1,"match_part","Scaffold47"],[0,38027,38144,-1,"match_part","Scaffold47"],[0,38545,38662,-1,"match_part","Scaffold47"],[0,38662,38674,-1,"match_part","Scaffold47"],[0,38755,38797,-1,"match_part","Scaffold47"],[0,38803,38817,-1,"match_part","Scaffold47"],[0,38819,38899,-1,"match_part","Scaffold47"],[0,38899,38947,-1,"match_part","Scaffold47"],[0,38966,39045,-1,"match_part","Scaffold47"],[0,39045,39304,-1,"match_part","Scaffold47"],[0,39651,39768,-1,"match_part","Scaffold47"],[0,40245,40362,-1,"match_part","Scaffold47"],[0,40531,40648,-1,"match_part","Scaffold47"],[0,40965,41085,-1,"match_part","Scaffold47"],[0,41364,41462,-1,"match_part","Scaffold47"],[0,42076,42083,-1,"match_part","Scaffold47"],[0,42083,42196,-1,"match_part","Scaffold47"],[0,42875,42992,-1,"match_part","Scaffold47"],[0,43248,43335,-1,"match_part","Scaffold47"],[0,43850,43943,-1,"match_part","Scaffold47"],[0,44243,44303,-1,"match_part","Scaffold47"],[0,44737,44939,-1,"match_part","Scaffold47"],[0,45323,45429,-1,"match_part","Scaffold47"],[0,46520,46606,-1,"match_part","Scaffold47"],[0,46857,46888,-1,"match_part","Scaffold47"],[0,47159,47264,-1,"match_part","Scaffold47"],[0,47291,48317,-1,"match_part","Scaffold47"],[0,48184,48317,-1,"match_part","Scaffold47"],[0,49189,49257,-1,"match_part","Scaffold47"],[0,49189,49257,-1,"match_part","Scaffold47"],[0,49569,49663,-1,"match_part","Scaffold47",{"Sublist":[[0,49569,49597,-1,"match_part","Scaffold47"]]}],[0,49601,49712,-1,"match_part","Scaffold47"],[0,49663,49887,-1,"match_part","Scaffold47"],[0,55393,55774,-1,"match_part","Scaffold47"],[0,55851,55925,-1,"match_part","Scaffold47"],[0,56044,56262,-1,"match_part","Scaffold47"],[0,56506,56577,-1,"match_part","Scaffold47"],[0,56597,56643,1,"match_part","Scaffold47"],[0,56644,56662,1,"match_part","Scaffold47"],[0,56663,56667,1,"match_part","Scaffold47"],[0,56667,56674,1,"match_part","Scaffold47"],[0,57293,57372,1,"match_part","Scaffold47"],[0,57528,57638,1,"match_part","Scaffold47"],[0,57746,57796,1,"match_part","Scaffold47"],[0,57944,58059,1,"match_part","Scaffold47"],[0,58298,58375,1,"match_part","Scaffold47"],[0,58715,58778,1,"match_part","Scaffold47"],[0,58949,59011,1,"match_part","Scaffold47"],[0,59231,59347,1,"match_part","Scaffold47"],[0,59491,59624,1,"match_part","Scaffold47"],[0,60912,61070,1,"match_part","Scaffold47"],[0,64569,64650,1,"match_part","Scaffold47"],[0,65124,65205,1,"match_part","Scaffold47"],[0,66997,67192,1,"match_part","Scaffold47"],[0,68278,68362,1,"match_part","Scaffold47"],[0,68363,68384,1,"match_part","Scaffold47"],[0,70962,71040,-1,"match_part","Scaffold47"],[0,72357,72438,-1,"match_part","Scaffold47"],[0,73187,73268,-1,"match_part","Scaffold47"],[0,73746,73918,-1,"match_part","Scaffold47"],[0,74849,74892,-1,"match_part","Scaffold47"],[0,79490,79711,1,"match_part","Scaffold47"],[0,79763,79841,1,"match_part","Scaffold47"],[0,79999,80182,1,"match_part","Scaffold47"],[0,80689,80761,1,"match_part","Scaffold47"],[0,80990,81085,1,"match_part","Scaffold47"],[0,81650,81708,1,"match_part","Scaffold47"],[0,82160,82290,1,"match_part","Scaffold47"],[0,85134,85579,1,"match_part","Scaffold47"],[0,85597,86011,-1,"match_part","Scaffold47"],[0,85997,86217,1,"match_part","Scaffold47"],[0,86483,86597,1,"match_part","Scaffold47"],[0,86867,87096,1,"match_part","Scaffold47"],[0,87817,88050,1,"match_part","Scaffold47"],[0,88051,88066,1,"match_part","Scaffold47"],[0,88085,88115,1,"match_part","Scaffold47"],[0,88115,88153,1,"match_part","Scaffold47"],[0,88161,88510,-1,"match_part","Scaffold47"],[0,89784,89899,-1,"match_part","Scaffold47"],[0,90841,90924,-1,"match_part","Scaffold47"],[0,91059,91313,-1,"match_part","Scaffold47"],[0,92217,92312,-1,"match_part","Scaffold47"],[0,92540,92671,-1,"match_part","Scaffold47"],[0,93643,93805,-1,"match_part","Scaffold47"],[0,93881,94191,-1,"match_part","Scaffold47"],[0,94352,94490,-1,"match_part","Scaffold47"],[0,94578,94664,-1,"match_part","Scaffold47"],[0,94954,95128,-1,"match_part","Scaffold47"],[0,95160,95169,-1,"match_part","Scaffold47"],[0,95170,95180,-1,"match_part","Scaffold47"],[0,95180,95192,-1,"match_part","Scaffold47"],[0,98884,99121,-1,"match_part","Scaffold47"],[0,99238,99374,-1,"match_part","Scaffold47"],[0,99429,99494,-1,"match_part","Scaffold47"],[0,99548,99599,-1,"match_part","Scaffold47"],[0,99652,100034,-1,"match_part","Scaffold47"],[0,100085,100405,-1,"match_part","Scaffold47"],[0,100453,100552,-1,"match_part","Scaffold47"],[0,101497,101635,-1,"match_part","Scaffold47"],[0,104943,104959,-1,"match_part","Scaffold47"],[0,104959,105112,-1,"match_part","Scaffold47"],[0,105122,105150,-1,"match_part","Scaffold47"],[0,105150,105181,-1,"match_part","Scaffold47"],[0,105190,105230,-1,"match_part","Scaffold47"],[0,105407,105479,-1,"match_part","Scaffold47"],[0,105480,105489,-1,"match_part","Scaffold47"],[0,114523,114560,1,"match_part","Scaffold47"],[0,114560,115253,1,"match_part","Scaffold47",{"Sublist":[[0,114927,115060,1,"match_part","Scaffold47"]]}],[0,115509,115578,1,"match_part","Scaffold47"],[0,115709,115754,1,"match_part","Scaffold47"],[0,123040,123057,-1,"match_part","Scaffold47"],[0,123061,123095,-1,"match_part","Scaffold47"],[0,123102,123223,-1,"match_part","Scaffold47"],[0,123459,123644,-1,"match_part","Scaffold47"],[0,124340,124434,-1,"match_part","Scaffold47"],[0,124578,124649,-1,"match_part","Scaffold47"],[0,125338,125487,-1,"match_part","Scaffold47"],[0,125608,125692,-1,"match_part","Scaffold47"],[0,125773,125845,-1,"match_part","Scaffold47"],[0,125957,126009,-1,"match_part","Scaffold47"],[0,126023,126073,-1,"match_part","Scaffold47"],[0,126678,126835,-1,"match_part","Scaffold47"],[0,126902,126991,-1,"match_part","Scaffold47"],[0,127123,127210,-1,"match_part","Scaffold47"],[0,127257,127344,-1,"match_part","Scaffold47"],[0,127398,127527,-1,"match_part","Scaffold47"],[0,127591,127727,-1,"match_part","Scaffold47"],[0,127799,127927,-1,"match_part","Scaffold47"],[0,128185,128390,-1,"match_part","Scaffold47"],[0,128638,128765,-1,"match_part","Scaffold47"],[0,128842,128957,-1,"match_part","Scaffold47"],[0,129072,129170,-1,"match_part","Scaffold47"],[0,129371,129413,-1,"match_part",