{"featureCount":294,"formatVersion":1,"histograms":{"meta":[{"arrayParams":{"chunkSize":10000,"length":106,"urlTemplate":"hist-2000-{Chunk}.json"},"basesPerBin":"2000"},{"arrayParams":{"chunkSize":10000,"length":53,"urlTemplate":"hist-4000-{Chunk}.json"},"basesPerBin":"4000"}],"stats":[{"basesPerBin":"2000","max":11,"mean":3.0188679245283},{"basesPerBin":"4000","max":15,"mean":5.79245283018868}]},"intervals":{"classes":[{"attributes":["Start","End","Strand","Name","Seq_id"],"isArrayAttr":{}},{"attributes":["Start","End","Chunk"],"isArrayAttr":{"Sublist":1}}],"count":294,"lazyClass":1,"maxEnd":210138,"minStart":41,"nclist":[[0,41,208,1,"match_part","Scaffold92"],[0,1265,1753,1,"match_part","Scaffold92",{"Sublist":[[0,1481,1690,1,"match_part","Scaffold92"]]}],[0,2040,2512,1,"match_part","Scaffold92"],[0,2551,4256,1,"match_part","Scaffold92"],[0,4808,4852,-1,"match_part","Scaffold92"],[0,4853,5005,-1,"match_part","Scaffold92"],[0,5961,6556,-1,"match_part","Scaffold92"],[0,7499,7612,-1,"match_part","Scaffold92"],[0,7727,7853,-1,"match_part","Scaffold92"],[0,8573,9056,-1,"match_part","Scaffold92"],[0,9348,9442,1,"match_part","Scaffold92"],[0,9444,9689,1,"match_part","Scaffold92"],[0,9893,9969,1,"match_part","Scaffold92"],[0,10628,10831,1,"match_part","Scaffold92"],[0,12551,12660,1,"match_part","Scaffold92"],[0,12909,13024,1,"match_part","Scaffold92"],[0,13394,13503,1,"match_part","Scaffold92"],[0,13613,13725,1,"match_part","Scaffold92"],[0,15346,15353,1,"match_part","Scaffold92"],[0,15353,15543,1,"match_part","Scaffold92"],[0,16081,16180,1,"match_part","Scaffold92"],[0,16553,16721,1,"match_part","Scaffold92"],[0,16974,17690,1,"match_part","Scaffold92"],[0,17864,18101,1,"match_part","Scaffold92"],[0,21568,21652,1,"match_part","Scaffold92"],[0,21820,21827,1,"match_part","Scaffold92"],[0,21835,21908,1,"match_part","Scaffold92"],[0,21909,21934,1,"match_part","Scaffold92"],[0,22004,22076,1,"match_part","Scaffold92"],[0,22077,22128,1,"match_part","Scaffold92"],[0,23411,23548,-1,"match_part","Scaffold92"],[0,23886,24084,-1,"match_part","Scaffold92"],[0,24880,24886,-1,"match_part","Scaffold92"],[0,24886,24970,-1,"match_part","Scaffold92"],[0,25100,25201,-1,"match_part","Scaffold92"],[0,25206,25210,-1,"match_part","Scaffold92"],[0,25590,25662,-1,"match_part","Scaffold92"],[0,26187,26270,-1,"match_part","Scaffold92"],[0,28408,28495,-1,"match_part","Scaffold92"],[0,28856,28963,-1,"match_part","Scaffold92"],[0,29358,29526,-1,"match_part","Scaffold92"],[0,30753,30819,-1,"match_part","Scaffold92"],[0,31188,31287,-1,"match_part","Scaffold92"],[0,31717,31821,-1,"match_part","Scaffold92"],[0,31918,31984,-1,"match_part","Scaffold92"],[0,32077,32206,-1,"match_part","Scaffold92"],[0,32902,33047,-1,"match_part","Scaffold92"],[0,33262,33498,-1,"match_part","Scaffold92"],[0,33499,33503,-1,"match_part","Scaffold92"],[0,33535,33552,-1,"match_part","Scaffold92"],[0,33556,33565,-1,"match_part","Scaffold92"],[0,35647,35786,-1,"match_part","Scaffold92",{"Sublist":[[0,35651,35750,1,"match_part","Scaffold92"]]}],[0,36119,36231,1,"match_part","Scaffold92",{"Sublist":[[0,36130,36219,-1,"match_part","Scaffold92"]]}],[0,36425,36589,-1,"match_part","Scaffold92",{"Sublist":[[0,36440,36548,1,"match_part","Scaffold92"]]}],[0,36718,36796,1,"match_part","Scaffold92"],[0,36859,36975,1,"match_part","Scaffold92"],[0,37198,37290,1,"match_part","Scaffold92"],[0,37376,37512,-1,"match_part","Scaffold92"],[0,37392,37641,1,"match_part","Scaffold92"],[0,37796,37956,-1,"match_part","Scaffold92"],[0,38396,38574,-1,"match_part","Scaffold92",{"Sublist":[[0,38396,38563,-1,"match_part","Scaffold92"]]}],[0,39286,39360,-1,"match_part","Scaffold92"],[0,39361,39556,-1,"match_part","Scaffold92"],[0,39823,39974,-1,"match_part","Scaffold92"],[0,40531,40691,-1,"match_part","Scaffold92"],[0,40547,40691,-1,"match_part","Scaffold92"],[0,40870,40924,-1,"match_part","Scaffold92"],[0,40870,40924,-1,"match_part","Scaffold92"],[0,41046,41189,-1,"match_part","Scaffold92",{"Sublist":[[0,41046,41145,-1,"match_part","Scaffold92"]]}],[0,41634,41745,-1,"match_part","Scaffold92"],[0,51337,51371,-1,"match_part","Scaffold92"],[0,51375,51430,-1,"match_part","Scaffold92"],[0,51661,51750,-1,"match_part","Scaffold92"],[0,52282,52446,-1,"match_part","Scaffold92"],[0,52805,52941,-1,"match_part","Scaffold92"],[0,53065,53230,-1,"match_part","Scaffold92"],[0,53337,53742,-1,"match_part","Scaffold92"],[0,53759,53788,-1,"match_part","Scaffold92"],[0,53788,53830,-1,"match_part","Scaffold92"],[0,53989,54048,-1,"match_part","Scaffold92"],[0,54160,54213,-1,"match_part","Scaffold92"],[0,54213,54234,-1,"match_part","Scaffold92"],[0,54235,54266,-1,"match_part","Scaffold92"],[0,56091,56639,1,"match_part","Scaffold92"],[0,57812,57821,-1,"match_part","Scaffold92"],[0,57826,58809,-1,"match_part","Scaffold92"],[0,59934,60010,-1,"match_part","Scaffold92"],[0,61139,61358,1,"match_part","Scaffold92"],[0,61365,61540,1,"match_part","Scaffold92"],[0,62644,62772,1,"match_part","Scaffold92"],[0,63219,63326,1,"match_part","Scaffold92"],[0,63418,63481,1,"match_part","Scaffold92"],[0,63615,63776,1,"match_part","Scaffold92"],[0,64079,64197,1,"match_part","Scaffold92"],[0,64808,65078,1,"match_part","Scaffold92"],[0,67314,67405,1,"match_part","Scaffold92"],[0,67428,67691,1,"match_part","Scaffold92"],[0,67554,68132,1,"match_part","Scaffold92"],[0,67977,68132,1,"match_part","Scaffold92"],[0,68437,68900,1,"match_part","Scaffold92",{"Sublist":[[0,68437,68555,1,"match_part","Scaffold92"]]}],[0,68640,69144,1,"match_part","Scaffold92"],[0,69125,69144,1,"match_part","Scaffold92"],[0,70992,71103,-1,"match_part","Scaffold92"],[0,72300,72344,-1,"match_part","Scaffold92"],[0,72345,72398,-1,"match_part","Scaffold92"],[0,75832,75918,-1,"match_part","Scaffold92"],[0,76350,76526,-1,"match_part","Scaffold92"],[0,76750,76883,-1,"match_part","Scaffold92"],[0,77476,77735,-1,"match_part","Scaffold92"],[0,78808,78828,-1,"match_part","Scaffold92"],[0,79107,79221,-1,"match_part","Scaffold92"],[0,79297,79371,-1,"match_part","Scaffold92"],[0,80003,80091,-1,"match_part","Scaffold92"],[0,80904,81027,-1,"match_part","Scaffold92"],[0,81495,81681,-1,"match_part","Scaffold92"],[0,83653,83737,-1,"match_part","Scaffold92"],[0,83837,84238,-1,"match_part","Scaffold92"],[0,86250,86333,-1,"match_part","Scaffold92"],[0,86850,86996,-1,"match_part","Scaffold92"],[0,88436,88596,-1,"match_part","Scaffold92"],[0,88920,88996,-1,"match_part","Scaffold92"],[0,89151,89209,-1,"match_part","Scaffold92"],[0,89527,89691,-1,"match_part","Scaffold92"],[0,90958,91092,-1,"match_part","Scaffold92"],[0,93141,93294,-1,"match_part","Scaffold92"],[0,93525,94097,-1,"match_part","Scaffold92"],[0,94095,94118,1,"match_part","Scaffold92"],[0,94120,94201,1,"match_part","Scaffold92"],[0,94776,94889,1,"match_part","Scaffold92"],[0,95010,95079,1,"match_part","Scaffold92"],[0,95278,95400,1,"match_part","Scaffold92"],[0,95462,95514,1,"match_part","Scaffold92"],[0,95571,95716,1,"match_part","Scaffold92"],[0,95839,95923,1,"match_part","Scaffold92"],[0,95976,96082,1,"match_part","Scaffold92"],[0,96154,96540,1,"match_part","Scaffold92"],[0,96543,96550,1,"match_part","Scaffold92"],[0,96688,96698,1,"match_part","Scaffold92"],[0,96699,96760,1,"match_part","Scaffold92"],[0,96762,96795,1,"match_part","Scaffold92"],[0,96795,96991,1,"match_part","Scaffold92"],[0,97224,97322,1,"match_part","Scaffold92"],[0,98976,99053,1,"match_part","Scaffold92"],[0,99799,100040,1,"match_part","Scaffold92"],[0,100159,100301,1,"match_part","Scaffold92"],[0,100561,100732,1,"match_part","Scaffold92"],[0,100868,101011,1,"match_part","Scaffold92"],[0,101011,101024,1,"match_part","Scaffold92"],[0,101027,101052,1,"match_part","Scaffold92"],[0,101053,101150,1,"match_part","Scaffold92"],[0,101260,101457,1,"match_part","Scaffold92"],[0,101504,101683,1,"match_part","Scaffold92"],[0,101731,101886,1,"match_part","Scaffold92"],[0,101969,102106,1,"match_part","Scaffold92"],[0,102155,102300,1,"match_part","Scaffold92"],[0,102781,102951,1,"match_part","Scaffold92"],[0,103376,103460,1,