{"featureCount":343,"formatVersion":1,"histograms":{"meta":[{"arrayParams":{"chunkSize":10000,"length":135,"urlTemplate":"hist-2000-{Chunk}.json"},"basesPerBin":"2000"},{"arrayParams":{"chunkSize":10000,"length":68,"urlTemplate":"hist-4000-{Chunk}.json"},"basesPerBin":"4000"}],"stats":[{"basesPerBin":"2000","max":10,"mean":2.71111111111111},{"basesPerBin":"4000","max":17,"mean":5.20588235294118}]},"intervals":{"classes":[{"attributes":["Start","End","Strand","Name","Seq_id"],"isArrayAttr":{}},{"attributes":["Start","End","Chunk"],"isArrayAttr":{"Sublist":1}}],"count":343,"lazyClass":1,"maxEnd":269758,"minStart":7021,"nclist":[[0,7021,7028,1,"match_part","Scaffold45"],[0,7028,7094,1,"match_part","Scaffold45"],[0,7097,7199,1,"match_part","Scaffold45"],[0,7202,7491,1,"match_part","Scaffold45"],[0,10017,10118,1,"match_part","Scaffold45"],[0,10118,10614,1,"match_part","Scaffold45"],[0,10616,10690,1,"match_part","Scaffold45"],[0,10690,10735,1,"match_part","Scaffold45"],[0,10735,10811,1,"match_part","Scaffold45"],[0,12106,12221,1,"match_part","Scaffold45"],[0,12221,12313,1,"match_part","Scaffold45"],[0,12363,12608,1,"match_part","Scaffold45"],[0,12720,12800,1,"match_part","Scaffold45"],[0,12857,13053,1,"match_part","Scaffold45"],[0,13291,13404,-1,"match_part","Scaffold45"],[0,13411,13596,-1,"match_part","Scaffold45",{"Sublist":[[0,13541,13594,1,"match_part","Scaffold45"]]}],[0,13599,13678,1,"match_part","Scaffold45"],[0,13601,13680,-1,"match_part","Scaffold45"],[0,15346,15467,1,"match_part","Scaffold45"],[0,15805,15911,1,"match_part","Scaffold45"],[0,16692,16841,1,"match_part","Scaffold45"],[0,17631,17831,1,"match_part","Scaffold45"],[0,18074,18159,1,"match_part","Scaffold45"],[0,19114,19649,1,"match_part","Scaffold45"],[0,21025,21047,1,"match_part","Scaffold45"],[0,21151,21277,1,"match_part","Scaffold45"],[0,21468,21658,1,"match_part","Scaffold45"],[0,22033,22470,1,"match_part","Scaffold45"],[0,23765,23897,1,"match_part","Scaffold45"],[0,23987,24053,1,"match_part","Scaffold45"],[0,24169,24415,1,"match_part","Scaffold45"],[0,28888,29096,1,"match_part","Scaffold45"],[0,29279,29509,1,"match_part","Scaffold45"],[0,29693,29940,1,"match_part","Scaffold45"],[0,30140,30324,1,"match_part","Scaffold45"],[0,30683,30932,1,"match_part","Scaffold45"],[0,31125,31305,1,"match_part","Scaffold45"],[0,31430,31485,1,"match_part","Scaffold45"],[0,31546,31681,1,"match_part","Scaffold45"],[0,32036,32167,1,"match_part","Scaffold45"],[0,32331,32452,1,"match_part","Scaffold45"],[0,32654,33008,1,"match_part","Scaffold45"],[0,33385,33659,1,"match_part","Scaffold45"],[0,34939,35080,1,"match_part","Scaffold45"],[0,35344,35531,1,"match_part","Scaffold45"],[0,35728,35827,1,"match_part","Scaffold45"],[0,36255,36473,1,"match_part","Scaffold45"],[0,36972,37093,1,"match_part","Scaffold45"],[0,37254,37485,1,"match_part","Scaffold45"],[0,37485,37492,1,"match_part","Scaffold45"],[0,37498,37694,1,"match_part","Scaffold45"],[0,37716,38009,1,"match_part","Scaffold45"],[0,38118,38236,-1,"match_part","Scaffold45"],[0,38595,38814,-1,"match_part","Scaffold45"],[0,39640,39932,-1,"match_part","Scaffold45"],[0,40141,40225,-1,"match_part","Scaffold45"],[0,40276,40382,-1,"match_part","Scaffold45"],[0,40383,40391,-1,"match_part","Scaffold45"],[0,40821,40829,-1,"match_part","Scaffold45"],[0,40829,41189,-1,"match_part","Scaffold45"],[0,41392,41492,-1,"match_part","Scaffold45"],[0,42226,42312,-1,"match_part","Scaffold45"],[0,42880,42952,-1,"match_part","Scaffold45"],[0,43021,43061,-1,"match_part","Scaffold45"],[0,43168,43434,-1,"match_part","Scaffold45"],[0,45916,45937,-1,"match_part","Scaffold45"],[0,46004,46345,-1,"match_part","Scaffold45"],[0,46566,46621,-1,"match_part","Scaffold45"],[0,46726,47284,-1,"match_part","Scaffold45"],[0,47363,47518,-1,"match_part","Scaffold45"],[0,47673,47807,-1,"match_part","Scaffold45"],[0,48165,48320,-1,"match_part","Scaffold45"],[0,48423,48562,-1,"match_part","Scaffold45"],[0,48802,48947,-1,"match_part","Scaffold45"],[0,49271,49463,-1,"match_part","Scaffold45"],[0,49624,49783,-1,"match_part","Scaffold45"],[0,50018,50181,-1,"match_part","Scaffold45"],[0,50386,50557,-1,"match_part","Scaffold45"],[0,50726,50870,-1,"match_part","Scaffold45"],[0,50847,50938,-1,"match_part","Scaffold45"],[0,51101,51197,-1,"match_part","Scaffold45"],[0,51272,51508,-1,"match_part","Scaffold45"],[0,51977,52051,-1,"match_part","Scaffold45"],[0,52890,52956,-1,"match_part","Scaffold45"],[0,53052,53291,-1,"match_part","Scaffold45"],[0,53607,53731,-1,"match_part","Scaffold45"],[0,54029,54142,-1,"match_part","Scaffold45"],[0,60914,61180,1,"match_part","Scaffold45"],[0,61413,61613,1,"match_part","Scaffold45"],[0,62400,62530,-1,"match_part","Scaffold45"],[0,62400,62530,-1,"match_part","Scaffold45"],[0,62632,63178,-1,"match_part","Scaffold45",{"Sublist":[[0,62632,62767,-1,"match_part","Scaffold45"]]}],[0,63087,63391,-1,"match_part","Scaffold45",{"Sublist":[[0,63232,63354,-1,"match_part","Scaffold45"]]}],[0,63631,63785,-1,"match_part","Scaffold45"],[0,64571,64674,-1,"match_part","Scaffold45"],[0,64722,65008,-1,"match_part","Scaffold45"],[0,65174,65427,-1,"match_part","Scaffold45"],[0,65506,65618,-1,"match_part","Scaffold45"],[0,65714,65772,1,"match_part","Scaffold45"],[0,65773,65779,1,"match_part","Scaffold45"],[0,65779,65793,1,"match_part","Scaffold45"],[0,66419,66512,1,"match_part","Scaffold45"],[0,66591,66693,1,"match_part","Scaffold45"],[0,67418,67507,1,"match_part","Scaffold45"],[0,67611,67738,1,"match_part","Scaffold45"],[0,67826,67908,1,"match_part","Scaffold45"],[0,68125,68222,1,"match_part","Scaffold45"],[0,68751,68884,1,"match_part","Scaffold45"],[0,69013,69111,1,"match_part","Scaffold45"],[0,69387,69923,1,"match_part","Scaffold45"],[0,70967,71394,1,"match_part","Scaffold45"],[0,71605,72295,1,"match_part","Scaffold45"],[0,72687,72864,1,"match_part","Scaffold45"],[0,73172,73364,1,"match_part","Scaffold45"],[0,73853,74104,1,"match_part","Scaffold45"],[0,74160,74234,1,"match_part","Scaffold45"],[0,74294,74343,1,"match_part","Scaffold45"],[0,74486,74590,1,"match_part","Scaffold45"],[0,78184,78262,-1,"match_part","Scaffold45"],[0,78503,78621,-1,"match_part","Scaffold45"],[0,79032,79101,-1,"match_part","Scaffold45"],[0,79300,79473,-1,"match_part","Scaffold45"],[0,79727,79867,-1,"match_part","Scaffold45"],[0,80098,80228,-1,"match_part","Scaffold45"],[0,80235,80238,-1,"match_part","Scaffold45"],[0,80344,80368,-1,"match_part","Scaffold45"],[0,80527,81390,1,"match_part","Scaffold45"],[0,81623,81778,1,"match_part","Scaffold45"],[0,81940,84138,1,"match_part","Scaffold45"],[0,84422,84568,1,"match_part","Scaffold45"],[0,89992,90122,1,"match_part","Scaffold45"],[0,90239,90348,1,"match_part","Scaffold45"],[0,91220,91479,1,"match_part","Scaffold45"],[0,91774,91936,1,"match_part","Scaffold45"],[0,92430,92925,1,"match_part","Scaffold45"],[0,93118,93155,1,"match_part","Scaffold45"],[0,94035,94190,1,"match_part","Scaffold45"],[0,94274,94426,1,"match_part","Scaffold45"],[0,95118,95410,1,"match_part","Scaffold45"],[0,95523,95559,1,"match_part","Scaffold45"],[0,95871,96082,1,"match_part","Scaffold45"],[0,96193,96259,1,"match_part","Scaffold45"],[0,96364,96474,1,"match_part","Scaffold45"],[0,96858,98618,1,"match_part","Scaffold45"],[0,98716,98978,1,"match_part","Scaffold45"],[0,99149,99226,1,"match_part","Scaffold45"],[0,99741,99864,1,"match_part","Scaffold45"],[0,100192,100355,1,"match_part","Scaffold45"],[0,100504,100661,1,"match_part","Scaffold45"],[0,100795,101135,1,"match_part","Scaffold45"],[0,101430,101682,1,"match_part","Scaffold45"],[0,102232,102374,1,"match_part","Scaffold45"],[0,102539,102814,1,"match_part","Scaffold45"],[0,103044,103173,-1,"match_part","Scaffold45"],[0,103463,103610,-1,"match_part","Scaffold45"],[0,103908,103980,-1,"match_part","Scaffold45"],[0,105109,105151,-1,"match_part","Scaffold45"],[0,113344,113360,-1,"match_part","Scaffold45"],[0,113782,114268,-1,"match_part","Scaffold45"],[0,114268,114425,-1,"match_part","Scaffold45"],[0,121761,121777,1,"match_part","Scaffold45"],[0,121927,122118,1,