{"featureCount":387,"formatVersion":1,"histograms":{"meta":[{"arrayParams":{"chunkSize":10000,"length":140,"urlTemplate":"hist-2000-{Chunk}.json"},"basesPerBin":"2000"},{"arrayParams":{"chunkSize":10000,"length":70,"urlTemplate":"hist-4000-{Chunk}.json"},"basesPerBin":"4000"}],"stats":[{"basesPerBin":"2000","max":20,"mean":2.98571428571429},{"basesPerBin":"4000","max":28,"mean":5.71428571428571}]},"intervals":{"classes":[{"attributes":["Start","End","Strand","Name","Seq_id"],"isArrayAttr":{}},{"attributes":["Start","End","Chunk"],"isArrayAttr":{"Sublist":1}}],"count":387,"lazyClass":1,"maxEnd":278082,"minStart":6693,"nclist":[[0,6693,6966,1,"match_part","Scaffold41"],[0,6967,7169,1,"match_part","Scaffold41"],[0,7079,7637,1,"match_part","Scaffold41",{"Sublist":[[0,7194,7350,-1,"match_part","Scaffold41"],[0,7350,7487,-1,"match_part","Scaffold41"],[0,7488,7506,-1,"match_part","Scaffold41"],[0,7507,7565,-1,"match_part","Scaffold41"],[0,7567,7589,-1,"match_part","Scaffold41"]]}],[0,7649,7689,-1,"match_part","Scaffold41"],[0,7699,7779,-1,"match_part","Scaffold41"],[0,10012,10052,1,"match_part","Scaffold41"],[0,10410,10504,1,"match_part","Scaffold41"],[0,10752,10871,1,"match_part","Scaffold41"],[0,11390,11521,1,"match_part","Scaffold41"],[0,11704,11812,1,"match_part","Scaffold41"],[0,12097,12276,1,"match_part","Scaffold41"],[0,12608,12729,1,"match_part","Scaffold41"],[0,13126,13320,1,"match_part","Scaffold41"],[0,14247,14417,1,"match_part","Scaffold41"],[0,20374,20857,-1,"match_part","Scaffold41"],[0,20989,21085,-1,"match_part","Scaffold41"],[0,21781,21970,-1,"match_part","Scaffold41"],[0,22439,22529,-1,"match_part","Scaffold41"],[0,23049,23095,-1,"match_part","Scaffold41"],[0,23634,23690,-1,"match_part","Scaffold41"],[0,24087,24142,-1,"match_part","Scaffold41"],[0,24491,24514,-1,"match_part","Scaffold41"],[0,25930,26209,-1,"match_part","Scaffold41"],[0,27286,27417,-1,"match_part","Scaffold41"],[0,27889,28005,-1,"match_part","Scaffold41"],[0,29958,30041,-1,"match_part","Scaffold41"],[0,30863,30988,-1,"match_part","Scaffold41"],[0,31164,31257,-1,"match_part","Scaffold41"],[0,32029,32223,-1,"match_part","Scaffold41"],[0,32432,32497,-1,"match_part","Scaffold41"],[0,32865,33021,-1,"match_part","Scaffold41"],[0,34327,34430,-1,"match_part","Scaffold41"],[0,34766,34844,-1,"match_part","Scaffold41"],[0,35013,35097,-1,"match_part","Scaffold41"],[0,35572,35632,-1,"match_part","Scaffold41"],[0,36189,36268,-1,"match_part","Scaffold41"],[0,36872,36967,-1,"match_part","Scaffold41"],[0,37100,37179,-1,"match_part","Scaffold41"],[0,37311,37380,-1,"match_part","Scaffold41"],[0,40612,41378,-1,"match_part","Scaffold41"],[0,41373,41812,-1,"match_part","Scaffold41"],[0,42134,42383,-1,"match_part","Scaffold41"],[0,43492,43807,-1,"match_part","Scaffold41"],[0,43857,43899,-1,"match_part","Scaffold41"],[0,43960,44189,-1,"match_part","Scaffold41"],[0,55998,56156,1,"match_part","Scaffold41"],[0,56391,56501,1,"match_part","Scaffold41"],[0,56989,57275,1,"match_part","Scaffold41"],[0,57542,57730,1,"match_part","Scaffold41"],[0,57935,58137,1,"match_part","Scaffold41"],[0,58400,58633,1,"match_part","Scaffold41"],[0,58875,58883,1,"match_part","Scaffold41"],[0,58884,59056,1,"match_part","Scaffold41"],[0,59321,59413,1,"match_part","Scaffold41"],[0,59413,59737,1,"match_part","Scaffold41"],[0,59814,59932,1,"match_part","Scaffold41"],[0,60048,60166,1,"match_part","Scaffold41"],[0,60312,60356,1,"match_part","Scaffold41"],[0,60667,60924,1,"match_part","Scaffold41"],[0,61116,61419,1,"match_part","Scaffold41"],[0,61721,61749,1,"match_part","Scaffold41"],[0,62362,62434,-1,"match_part","Scaffold41"],[0,62953,63360,-1,"match_part","Scaffold41"],[0,63442,63529,-1,"match_part","Scaffold41"],[0,63595,63625,-1,"match_part","Scaffold41"],[0,68554,68619,1,"match_part","Scaffold41"],[0,68710,68805,1,"match_part","Scaffold41"],[0,68878,69106,1,"match_part","Scaffold41"],[0,69716,69809,1,"match_part","Scaffold41"],[0,70357,70467,1,"match_part","Scaffold41"],[0,70678,70775,1,"match_part","Scaffold41"],[0,71108,71223,1,"match_part","Scaffold41"],[0,71460,71519,1,"match_part","Scaffold41"],[0,72704,72721,1,"match_part","Scaffold41"],[0,73228,73389,1,"match_part","Scaffold41"],[0,74172,74319,1,"match_part","Scaffold41"],[0,74574,74679,1,"match_part","Scaffold41"],[0,75282,75298,1,"match_part","Scaffold41"],[0,75347,75446,1,"match_part","Scaffold41"],[0,76415,76560,1,"match_part","Scaffold41"],[0,76945,77051,1,"match_part","Scaffold41"],[0,77321,77398,1,"match_part","Scaffold41"],[0,79082,79208,1,"match_part","Scaffold41"],[0,79375,79466,1,"match_part","Scaffold41"],[0,79722,79729,1,"match_part","Scaffold41"],[0,79736,79784,1,"match_part","Scaffold41"],[0,80153,80221,1,"match_part","Scaffold41"],[0,80505,80596,1,"match_part","Scaffold41"],[0,81467,81559,1,"match_part","Scaffold41"],[0,81765,81909,1,"match_part","Scaffold41"],[0,82664,82771,1,"match_part","Scaffold41"],[0,83360,83492,1,"match_part","Scaffold41"],[0,83616,83685,1,"match_part","Scaffold41"],[0,83792,83952,1,"match_part","Scaffold41"],[0,84711,84812,1,"match_part","Scaffold41"],[0,84964,85074,1,"match_part","Scaffold41"],[0,85147,85281,1,"match_part","Scaffold41"],[0,85504,85656,1,"match_part","Scaffold41"],[0,85843,85988,1,"match_part","Scaffold41"],[0,86200,86342,1,"match_part","Scaffold41"],[0,87075,87167,1,"match_part","Scaffold41"],[0,87392,87465,1,"match_part","Scaffold41"],[0,87683,87737,1,"match_part","Scaffold41"],[0,87820,88032,1,"match_part","Scaffold41"],[0,89300,89370,1,"match_part","Scaffold41"],[0,89498,89665,1,"match_part","Scaffold41"],[0,89748,89768,-1,"match_part","Scaffold41"],[0,89768,89787,-1,"match_part","Scaffold41"],[0,89787,89900,-1,"match_part","Scaffold41"],[0,90143,90227,-1,"match_part","Scaffold41"],[0,90585,90628,-1,"match_part","Scaffold41"],[0,90637,90644,-1,"match_part","Scaffold41"],[0,92402,92556,-1,"match_part","Scaffold41"],[0,93035,93176,-1,"match_part","Scaffold41"],[0,93381,93515,-1,"match_part","Scaffold41"],[0,93518,93522,-1,"match_part","Scaffold41"],[0,93973,94042,-1,"match_part","Scaffold41"],[0,95230,95464,-1,"match_part","Scaffold41"],[0,95536,95856,-1,"match_part","Scaffold41"],[0,96132,96278,-1,"match_part","Scaffold41"],[0,97095,97374,-1,"match_part","Scaffold41"],[0,97999,98271,-1,"match_part","Scaffold41"],[0,98823,98917,-1,"match_part","Scaffold41"],[0,99202,99243,-1,"match_part","Scaffold41"],[0,99770,100597,-1,"match_part","Scaffold41"],[0,100597,101155,-1,"match_part","Scaffold41"],[0,101164,102195,-1,"match_part","Scaffold41"],[0,103513,103711,-1,"match_part","Scaffold41"],[0,104221,104330,-1,"match_part","Scaffold41"],[0,105338,105460,-1,"match_part","Scaffold41"],[0,106356,106431,1,"match_part","Scaffold41"],[0,106431,106626,1,"match_part","Scaffold41"],[0,107145,107180,1,"match_part","Scaffold41"],[0,107180,107253,1,"match_part","Scaffold41"],[0,107257,107467,1,"match_part","Scaffold41"],[0,108477,108490,-1,"match_part","Scaffold41"],[0,108858,108932,-1,"match_part","Scaffold41"],[0,109713,109817,-1,"match_part","Scaffold41"],[0,109892,110072,-1,"match_part","Scaffold41"],[0,110072,110168,-1,"match_part","Scaffold41"],[0,115633,115788,-1,"match_part","Scaffold41"],[0,116166,116280,-1,"match_part","Scaffold41"],[0,121197,121269,-1,"match_part","Scaffold41"],[0,121416,121807,-1,"match_part","Scaffold41"],[0,121987,122032,-1,"match_part","Scaffold41"],[0,122406,122496,-1,"match_part","Scaffold41"],[0,123291,123391,-1,"match_part","Scaffold41"],[0,123854,124005,-1,"match_part","Scaffold41"],[0,124171,124229,-1,"match_part","Scaffold41"],[0,124584,124705,-1,"match_part","Scaffold41"],[0,125281,125450,-1,"match_part","Scaffold41"],[0,125532,125728,-1,"match_part","Scaffold41"],[0,126257,126366,-1,"match_part","Scaffold41"],[0,126553,126619,-1,"match_part","Scaffold41"],[0,126976,127154,-1,"match_part","Scaffold41"],[0,127853,127986,-1,"match_part","Scaffold41"],[0,128149,128182,-1,"match_part","Scaffold41"],[0,129239,129857,1,"match_part","Scaffold41",{"Sublist":[[0,129584,129633,1,"match_part",