{"featureCount":393,"formatVersion":1,"histograms":{"meta":[{"arrayParams":{"chunkSize":10000,"length":109,"urlTemplate":"hist-2000-{Chunk}.json"},"basesPerBin":"2000"},{"arrayParams":{"chunkSize":10000,"length":55,"urlTemplate":"hist-4000-{Chunk}.json"},"basesPerBin":"4000"}],"stats":[{"basesPerBin":"2000","max":33,"mean":3.84403669724771},{"basesPerBin":"4000","max":33,"mean":7.38181818181818}]},"intervals":{"classes":[{"attributes":["Start","End","Strand","Name","Seq_id"],"isArrayAttr":{}},{"attributes":["Start","End","Chunk"],"isArrayAttr":{"Sublist":1}}],"count":393,"lazyClass":1,"maxEnd":216666,"minStart":3187,"nclist":[[0,3187,3439,1,"match_part","Scaffold101"],[0,4247,4317,1,"match_part","Scaffold101"],[0,4563,4634,1,"match_part","Scaffold101"],[0,4814,4951,1,"match_part","Scaffold101"],[0,5817,6068,1,"match_part","Scaffold101"],[0,6638,6740,1,"match_part","Scaffold101"],[0,7056,7115,1,"match_part","Scaffold101"],[0,10817,10925,-1,"match_part","Scaffold101"],[0,10927,10992,-1,"match_part","Scaffold101"],[0,10992,11007,-1,"match_part","Scaffold101"],[0,11007,11026,-1,"match_part","Scaffold101"],[0,11026,11119,-1,"match_part","Scaffold101"],[0,11122,11171,-1,"match_part","Scaffold101"],[0,11171,11177,-1,"match_part","Scaffold101"],[0,11185,11192,-1,"match_part","Scaffold101"],[0,11221,11243,-1,"match_part","Scaffold101"],[0,11245,11283,-1,"match_part","Scaffold101"],[0,11283,11303,-1,"match_part","Scaffold101"],[0,11306,11311,-1,"match_part","Scaffold101"],[0,11313,11320,-1,"match_part","Scaffold101"],[0,11328,11363,-1,"match_part","Scaffold101"],[0,11363,11391,-1,"match_part","Scaffold101"],[0,12341,12459,-1,"match_part","Scaffold101"],[0,12499,12825,-1,"match_part","Scaffold101"],[0,13048,13157,-1,"match_part","Scaffold101"],[0,13666,13776,-1,"match_part","Scaffold101"],[0,13945,14857,-1,"match_part","Scaffold101"],[0,15184,15460,-1,"match_part","Scaffold101"],[0,15920,16023,-1,"match_part","Scaffold101"],[0,16229,16474,-1,"match_part","Scaffold101"],[0,17053,17198,-1,"match_part","Scaffold101"],[0,17540,17614,-1,"match_part","Scaffold101"],[0,17973,18120,-1,"match_part","Scaffold101"],[0,18181,18251,-1,"match_part","Scaffold101"],[0,18305,18398,-1,"match_part","Scaffold101"],[0,19934,19985,-1,"match_part","Scaffold101"],[0,20227,20353,-1,"match_part","Scaffold101"],[0,21252,21398,-1,"match_part","Scaffold101"],[0,21680,21744,-1,"match_part","Scaffold101"],[0,21969,22065,-1,"match_part","Scaffold101"],[0,22212,22299,-1,"match_part","Scaffold101"],[0,22914,22955,-1,"match_part","Scaffold101"],[0,23318,23385,-1,"match_part","Scaffold101"],[0,23812,23919,-1,"match_part","Scaffold101"],[0,24118,24176,-1,"match_part","Scaffold101"],[0,25059,25138,-1,"match_part","Scaffold101"],[0,25532,25603,-1,"match_part","Scaffold101"],[0,25871,25991,-1,"match_part","Scaffold101"],[0,27268,27416,1,"match_part","Scaffold101"],[0,28089,28269,1,"match_part","Scaffold101"],[0,28536,28679,1,"match_part","Scaffold101"],[0,29677,29800,1,"match_part","Scaffold101"],[0,30941,31006,1,"match_part","Scaffold101"],[0,31221,31315,1,"match_part","Scaffold101"],[0,32076,32172,1,"match_part","Scaffold101"],[0,32495,32540,1,"match_part","Scaffold101"],[0,32652,32713,1,"match_part","Scaffold101"],[0,33473,33558,1,"match_part","Scaffold101"],[0,34291,34361,1,"match_part","Scaffold101"],[0,34618,34676,1,"match_part","Scaffold101"],[0,36414,36525,1,"match_part","Scaffold101"],[0,37098,37211,1,"match_part","Scaffold101"],[0,37543,37600,1,"match_part","Scaffold101"],[0,37900,38007,1,"match_part","Scaffold101"],[0,46581,46610,1,"match_part","Scaffold101"],[0,46757,46797,1,"match_part","Scaffold101"],[0,46956,47057,1,"match_part","Scaffold101"],[0,47314,47462,1,"match_part","Scaffold101"],[0,49473,49651,1,"match_part","Scaffold101"],[0,50444,50669,-1,"match_part","Scaffold101"],[0,50754,50915,-1,"match_part","Scaffold101"],[0,51229,51518,-1,"match_part","Scaffold101"],[0,54840,55385,-1,"match_part","Scaffold101"],[0,55406,55410,1,"match_part","Scaffold101"],[0,55411,55417,1,"match_part","Scaffold101"],[0,55420,55440,1,"match_part","Scaffold101"],[0,56146,56244,-1,"match_part","Scaffold101"],[0,56419,56812,-1,"match_part","Scaffold101"],[0,57085,57130,-1,"match_part","Scaffold101"],[0,57555,57677,-1,"match_part","Scaffold101"],[0,57784,57860,-1,"match_part","Scaffold101"],[0,57958,58158,-1,"match_part","Scaffold101"],[0,59204,59512,1,"match_part","Scaffold101"],[0,59655,59848,1,"match_part","Scaffold101"],[0,60055,60500,1,"match_part","Scaffold101"],[0,61052,61317,-1,"match_part","Scaffold101"],[0,61453,61606,-1,"match_part","Scaffold101"],[0,61661,61751,-1,"match_part","Scaffold101"],[0,61798,62155,-1,"match_part","Scaffold101"],[0,62237,62303,-1,"match_part","Scaffold101"],[0,62355,62482,-1,"match_part","Scaffold101"],[0,62546,62658,-1,"match_part","Scaffold101"],[0,63029,63128,1,"match_part","Scaffold101"],[0,63155,63242,1,"match_part","Scaffold101"],[0,63310,63360,1,"match_part","Scaffold101"],[0,63481,63619,1,"match_part","Scaffold101"],[0,63955,64159,1,"match_part","Scaffold101"],[0,64159,64221,1,"match_part","Scaffold101"],[0,64530,64591,1,"match_part","Scaffold101"],[0,66499,66621,1,"match_part","Scaffold101"],[0,68100,68368,1,"match_part","Scaffold101"],[0,68357,68916,1,"match_part","Scaffold101"],[0,68919,69458,-1,"match_part","Scaffold101"],[0,69697,69936,-1,"match_part","Scaffold101"],[0,69938,70047,-1,"match_part","Scaffold101"],[0,70047,70132,-1,"match_part","Scaffold101"],[0,70132,70250,-1,"match_part","Scaffold101"],[0,70251,70278,-1,"match_part","Scaffold101"],[0,70280,70296,-1,"match_part","Scaffold101"],[0,70326,70447,-1,"match_part","Scaffold101"],[0,70562,70622,-1,"match_part","Scaffold101"],[0,70857,71002,-1,"match_part","Scaffold101"],[0,71228,71302,-1,"match_part","Scaffold101"],[0,71839,71949,-1,"match_part","Scaffold101"],[0,72083,72275,-1,"match_part","Scaffold101"],[0,72335,72345,-1,"match_part","Scaffold101"],[0,74198,74464,1,"match_part","Scaffold101"],[0,74527,74633,1,"match_part","Scaffold101"],[0,75098,75162,1,"match_part","Scaffold101"],[0,75416,75505,1,"match_part","Scaffold101"],[0,75476,75505,1,"match_part","Scaffold101"],[0,75661,76123,1,"match_part","Scaffold101",{"Sublist":[[0,75661,75707,1,"match_part","Scaffold101"]]}],[0,76124,76177,1,"match_part","Scaffold101"],[0,76149,76242,1,"match_part","Scaffold101"],[0,76760,77231,1,"match_part","Scaffold101"],[0,77472,77927,-1,"match_part","Scaffold101"],[0,78350,78469,-1,"match_part","Scaffold101"],[0,79495,79606,-1,"match_part","Scaffold101"],[0,80121,80188,-1,"match_part","Scaffold101"],[0,81324,81460,-1,"match_part","Scaffold101"],[0,81655,81761,-1,"match_part","Scaffold101"],[0,81854,81879,-1,"match_part","Scaffold101"],[0,82200,82224,1,"match_part","Scaffold101"],[0,82224,82433,1,"match_part","Scaffold101"],[0,83040,83117,1,"match_part","Scaffold101"],[0,83405,83569,1,"match_part","Scaffold101"],[0,83809,83967,1,"match_part","Scaffold101"],[0,84017,84165,1,"match_part","Scaffold101"],[0,84289,84399,1,"match_part","Scaffold101"],[0,84493,84501,-1,"match_part","Scaffold101"],[0,84509,84523,-1,"match_part","Scaffold101"],[0,84523,84528,-1,"match_part","Scaffold101"],[0,84530,84554,-1,"match_part","Scaffold101"],[0,84554,84569,-1,"match_part","Scaffold101"],[0,84570,84628,-1,"match_part","Scaffold101"],[0,84573,84628,1,"match_part","Scaffold101"],[0,84943,85108,-1,"match_part","Scaffold101",{"Sublist":[[0,84943,85050,1,"match_part","Scaffold101"]]}],[0,85109,85119,-1,"match_part","Scaffold101"],[0,85123,85242,-1,"match_part","Scaffold101"],[0,85496,85689,1,"match_part","Scaffold101"],[0,86302,86597,1,"match_part","Scaffold101"],[0,87201,87276,1,"match_part","Scaffold101"],[0,87732,87896,1,"match_part","Scaffold101"],[0,88229,88640,1,"match_part","Scaffold101"],[0,89034,89122,1,"match_part","Scaffold101"],[0,89465,89529,1,"match_part","Scaffold101"],[0,90064,90180,1,"match_part","Scaffold101"],[0,90192,90206,-1,"match_part","Scaffold101"],[0,90206,90241,-1,"match_part","Scaffold101"],[0,90242,90264,