{"featureCount":346,"formatVersion":1,"histograms":{"meta":[{"arrayParams":{"chunkSize":10000,"length":116,"urlTemplate":"hist-2000-{Chunk}.json"},"basesPerBin":"2000"},{"arrayParams":{"chunkSize":10000,"length":58,"urlTemplate":"hist-4000-{Chunk}.json"},"basesPerBin":"4000"}],"stats":[{"basesPerBin":"2000","max":10,"mean":3.24137931034483},{"basesPerBin":"4000","max":16,"mean":6.25862068965517}]},"intervals":{"classes":[{"attributes":["Start","End","Strand","Name","Seq_id"],"isArrayAttr":{}},{"attributes":["Start","End","Chunk"],"isArrayAttr":{"Sublist":1}}],"count":346,"lazyClass":1,"maxEnd":231441,"minStart":693,"nclist":[[0,693,723,1,"match_part","Scaffold59"],[0,724,959,1,"match_part","Scaffold59"],[0,1008,1147,1,"match_part","Scaffold59"],[0,1197,1360,1,"match_part","Scaffold59"],[0,1409,1503,1,"match_part","Scaffold59"],[0,1592,1675,1,"match_part","Scaffold59"],[0,1752,1847,1,"match_part","Scaffold59"],[0,1986,2112,1,"match_part","Scaffold59"],[0,2319,2785,1,"match_part","Scaffold59"],[0,2981,3067,1,"match_part","Scaffold59"],[0,3986,4072,1,"match_part","Scaffold59"],[0,4186,4479,1,"match_part","Scaffold59"],[0,4963,5529,-1,"match_part","Scaffold59"],[0,5587,5941,-1,"match_part","Scaffold59"],[0,5960,6221,-1,"match_part","Scaffold59"],[0,6768,7116,-1,"match_part","Scaffold59"],[0,7223,7509,-1,"match_part","Scaffold59"],[0,7571,7814,-1,"match_part","Scaffold59"],[0,8117,8216,1,"match_part","Scaffold59"],[0,8274,8387,1,"match_part","Scaffold59"],[0,8469,8582,1,"match_part","Scaffold59"],[0,8656,8807,1,"match_part","Scaffold59"],[0,8885,8997,1,"match_part","Scaffold59"],[0,9044,9305,1,"match_part","Scaffold59"],[0,9507,9567,1,"match_part","Scaffold59"],[0,9903,10027,1,"match_part","Scaffold59"],[0,10079,10282,1,"match_part","Scaffold59"],[0,10380,10608,1,"match_part","Scaffold59"],[0,10791,11804,1,"match_part","Scaffold59"],[0,11959,12184,1,"match_part","Scaffold59"],[0,13183,13686,1,"match_part","Scaffold59"],[0,13861,13890,1,"match_part","Scaffold59"],[0,13890,14117,1,"match_part","Scaffold59"],[0,14350,14608,1,"match_part","Scaffold59"],[0,15189,16376,1,"match_part","Scaffold59"],[0,16376,16653,1,"match_part","Scaffold59"],[0,21249,21512,1,"match_part","Scaffold59"],[0,21831,21973,1,"match_part","Scaffold59"],[0,22234,22497,1,"match_part","Scaffold59"],[0,23280,23321,1,"match_part","Scaffold59"],[0,23446,23580,1,"match_part","Scaffold59"],[0,24436,24537,1,"match_part","Scaffold59"],[0,25804,25884,1,"match_part","Scaffold59"],[0,26235,26589,1,"match_part","Scaffold59"],[0,29826,29932,-1,"match_part","Scaffold59"],[0,30554,30721,-1,"match_part","Scaffold59"],[0,31011,31214,-1,"match_part","Scaffold59"],[0,31733,31798,-1,"match_part","Scaffold59"],[0,31994,32145,-1,"match_part","Scaffold59"],[0,33595,33691,1,"match_part","Scaffold59"],[0,34017,34124,1,"match_part","Scaffold59"],[0,34306,34385,1,"match_part","Scaffold59"],[0,34501,34568,1,"match_part","Scaffold59"],[0,34618,34726,1,"match_part","Scaffold59"],[0,34817,34876,1,"match_part","Scaffold59"],[0,41849,41861,1,"match_part","Scaffold59"],[0,41869,41903,1,"match_part","Scaffold59"],[0,42000,42016,1,"match_part","Scaffold59"],[0,42740,43407,1,"match_part","Scaffold59"],[0,47579,48163,1,"match_part","Scaffold59"],[0,53034,53125,-1,"match_part","Scaffold59"],[0,53610,53721,-1,"match_part","Scaffold59"],[0,54319,54467,-1,"match_part","Scaffold59"],[0,54770,55057,-1,"match_part","Scaffold59"],[0,55759,55998,-1,"match_part","Scaffold59"],[0,56407,56447,-1,"match_part","Scaffold59"],[0,56663,56766,-1,"match_part","Scaffold59"],[0,57246,57268,-1,"match_part","Scaffold59"],[0,57362,57455,-1,"match_part","Scaffold59"],[0,57730,57844,-1,"match_part","Scaffold59"],[0,57906,57966,-1,"match_part","Scaffold59"],[0,58260,58368,-1,"match_part","Scaffold59"],[0,58505,58592,-1,"match_part","Scaffold59"],[0,58849,58957,-1,"match_part","Scaffold59"],[0,59057,59394,-1,"match_part","Scaffold59"],[0,59510,59602,-1,"match_part","Scaffold59"],[0,59745,59887,-1,"match_part","Scaffold59"],[0,60368,60561,-1,"match_part","Scaffold59"],[0,61295,61434,-1,"match_part","Scaffold59"],[0,61655,61784,-1,"match_part","Scaffold59"],[0,61881,61942,-1,"match_part","Scaffold59"],[0,62093,62219,-1,"match_part","Scaffold59"],[0,62420,62508,-1,"match_part","Scaffold59"],[0,62946,63094,-1,"match_part","Scaffold59"],[0,63394,63401,-1,"match_part","Scaffold59"],[0,63414,63557,-1,"match_part","Scaffold59"],[0,64114,64185,-1,"match_part","Scaffold59"],[0,64332,64403,-1,"match_part","Scaffold59"],[0,64513,64625,-1,"match_part","Scaffold59"],[0,64796,64928,-1,"match_part","Scaffold59"],[0,65002,65101,-1,"match_part","Scaffold59"],[0,65153,65369,-1,"match_part","Scaffold59"],[0,65721,65900,1,"match_part","Scaffold59"],[0,66138,66215,1,"match_part","Scaffold59"],[0,66324,66409,1,"match_part","Scaffold59"],[0,69336,69928,-1,"match_part","Scaffold59"],[0,70141,70239,-1,"match_part","Scaffold59"],[0,70391,70617,-1,"match_part","Scaffold59"],[0,71019,71158,-1,"match_part","Scaffold59"],[0,71437,71555,-1,"match_part","Scaffold59"],[0,71974,72296,-1,"match_part","Scaffold59"],[0,72422,72587,-1,"match_part","Scaffold59"],[0,72662,73011,-1,"match_part","Scaffold59"],[0,73059,73154,-1,"match_part","Scaffold59"],[0,73802,74029,-1,"match_part","Scaffold59"],[0,74161,74255,1,"match_part","Scaffold59"],[0,74308,74407,1,"match_part","Scaffold59"],[0,74459,74547,1,"match_part","Scaffold59"],[0,74595,74622,1,"match_part","Scaffold59"],[0,74670,74733,1,"match_part","Scaffold59"],[0,75111,75202,1,"match_part","Scaffold59"],[0,75679,76125,1,"match_part","Scaffold59"],[0,79015,79181,-1,"match_part","Scaffold59"],[0,79250,79388,-1,"match_part","Scaffold59"],[0,79840,79946,-1,"match_part","Scaffold59"],[0,80004,80390,1,"match_part","Scaffold59"],[0,80460,80612,1,"match_part","Scaffold59"],[0,81219,81293,1,"match_part","Scaffold59"],[0,81383,81516,1,"match_part","Scaffold59"],[0,81593,81681,1,"match_part","Scaffold59"],[0,82001,82274,1,"match_part","Scaffold59"],[0,83314,83559,1,"match_part","Scaffold59"],[0,83853,83878,1,"match_part","Scaffold59"],[0,83878,83914,1,"match_part","Scaffold59"],[0,86693,86772,1,"match_part","Scaffold59"],[0,87035,87131,1,"match_part","Scaffold59"],[0,87229,87344,1,"match_part","Scaffold59"],[0,87535,87648,1,"match_part","Scaffold59"],[0,89317,89445,1,"match_part","Scaffold59"],[0,89628,89748,1,"match_part","Scaffold59"],[0,90227,90355,1,"match_part","Scaffold59"],[0,90877,91003,1,"match_part","Scaffold59"],[0,91668,91796,1,"match_part","Scaffold59"],[0,92145,92325,1,"match_part","Scaffold59"],[0,94249,94439,1,"match_part","Scaffold59"],[0,98924,99051,-1,"match_part","Scaffold59"],[0,99697,99768,-1,"match_part","Scaffold59"],[0,100004,100107,-1,"match_part","Scaffold59"],[0,100186,100225,-1,"match_part","Scaffold59"],[0,100280,100362,-1,"match_part","Scaffold59"],[0,103148,103219,1,"match_part","Scaffold59"],[0,103554,103741,1,"match_part","Scaffold59"],[0,104469,104550,1,"match_part","Scaffold59"],[0,104785,104850,1,"match_part","Scaffold59"],[0,104999,105041,1,"match_part","Scaffold59"],[0,105041,105109,1,"match_part","Scaffold59"],[0,105110,105120,1,"match_part","Scaffold59"],[0,105120,105136,1,"match_part","Scaffold59"],[0,105136,105162,1,"match_part","Scaffold59"],[0,105163,105183,1,"match_part","Scaffold59"],[0,106200,106300,-1,"match_part","Scaffold59"],[0,106480,106691,-1,"match_part","Scaffold59"],[0,107347,107674,-1,"match_part","Scaffold59"],[0,107859,107890,-1,"match_part","Scaffold59"],[0,107956,108033,-1,"match_part","Scaffold59"],[0,108095,108190,-1,"match_part","Scaffold59"],[0,108357,108541,-1,"match_part","Scaffold59"],[0,108894,109367,-1,"match_part","Scaffold59"],[0,109552,109581,-1,"match_part","Scaffold59"],[0,109640,109675,-1,"match_part","Scaffold59"],[0,109840,110011,-1,"match_part","Scaffold59"],[0,110181,110299,-1,"match_part","Scaffold59"],[0,110876,110964,-1,"match_part","Scaffold59"],[0,111216,111277,-1,"match_part","Scaffold59"],[0,111611,111704,-1,"match_part","Scaffold59"],[0,111945,112033,-1,