{"featureCount":394,"formatVersion":1,"histograms":{"meta":[{"arrayParams":{"chunkSize":10000,"length":130,"urlTemplate":"hist-2000-{Chunk}.json"},"basesPerBin":"2000"},{"arrayParams":{"chunkSize":10000,"length":65,"urlTemplate":"hist-4000-{Chunk}.json"},"basesPerBin":"4000"}],"stats":[{"basesPerBin":"2000","max":14,"mean":3.23076923076923},{"basesPerBin":"4000","max":16,"mean":6.23076923076923}]},"intervals":{"classes":[{"attributes":["Start","End","Strand","Name","Seq_id"],"isArrayAttr":{}},{"attributes":["Start","End","Chunk"],"isArrayAttr":{"Sublist":1}}],"count":394,"lazyClass":1,"maxEnd":258521,"minStart":1341,"nclist":[[0,1341,1403,-1,"match_part","Scaffold51"],[0,1585,1597,-1,"match_part","Scaffold51"],[0,1884,2011,-1,"match_part","Scaffold51"],[0,2863,3001,-1,"match_part","Scaffold51"],[0,3478,3619,-1,"match_part","Scaffold51"],[0,3833,3965,-1,"match_part","Scaffold51"],[0,4300,4423,-1,"match_part","Scaffold51"],[0,4490,4517,-1,"match_part","Scaffold51"],[0,4930,5131,-1,"match_part","Scaffold51"],[0,5610,5659,-1,"match_part","Scaffold51"],[0,6128,6283,-1,"match_part","Scaffold51"],[0,6699,6879,-1,"match_part","Scaffold51"],[0,7128,7221,-1,"match_part","Scaffold51"],[0,7271,7352,-1,"match_part","Scaffold51"],[0,7579,7780,-1,"match_part","Scaffold51"],[0,8307,8418,-1,"match_part","Scaffold51"],[0,8620,8712,-1,"match_part","Scaffold51"],[0,9162,9201,-1,"match_part","Scaffold51"],[0,9481,9582,-1,"match_part","Scaffold51"],[0,9944,10352,-1,"match_part","Scaffold51"],[0,10572,10757,-1,"match_part","Scaffold51"],[0,11003,11122,-1,"match_part","Scaffold51"],[0,11695,11850,-1,"match_part","Scaffold51"],[0,12037,12236,-1,"match_part","Scaffold51"],[0,12403,12600,-1,"match_part","Scaffold51"],[0,12822,12983,-1,"match_part","Scaffold51"],[0,13098,13267,-1,"match_part","Scaffold51"],[0,13405,13582,-1,"match_part","Scaffold51"],[0,13890,14037,-1,"match_part","Scaffold51"],[0,14148,14204,-1,"match_part","Scaffold51"],[0,14373,14461,-1,"match_part","Scaffold51"],[0,14524,14643,-1,"match_part","Scaffold51"],[0,14701,14776,-1,"match_part","Scaffold51"],[0,14836,14969,-1,"match_part","Scaffold51"],[0,15071,15172,-1,"match_part","Scaffold51"],[0,15268,15482,-1,"match_part","Scaffold51"],[0,15785,15975,-1,"match_part","Scaffold51"],[0,16462,16664,-1,"match_part","Scaffold51"],[0,16914,17083,-1,"match_part","Scaffold51"],[0,17086,17118,-1,"match_part","Scaffold51"],[0,17336,17385,-1,"match_part","Scaffold51"],[0,17392,17467,-1,"match_part","Scaffold51"],[0,17467,17579,-1,"match_part","Scaffold51"],[0,20488,20492,1,"match_part","Scaffold51"],[0,20493,20897,1,"match_part","Scaffold51"],[0,21114,21175,1,"match_part","Scaffold51"],[0,21635,21733,1,"match_part","Scaffold51"],[0,21761,21868,1,"match_part","Scaffold51"],[0,22161,22289,1,"match_part","Scaffold51"],[0,22777,22883,1,"match_part","Scaffold51"],[0,23284,23412,1,"match_part","Scaffold51"],[0,23617,23723,1,"match_part","Scaffold51"],[0,24047,24178,1,"match_part","Scaffold51"],[0,24617,24725,1,"match_part","Scaffold51"],[0,24850,24978,1,"match_part","Scaffold51"],[0,26076,26182,1,"match_part","Scaffold51"],[0,26393,26566,1,"match_part","Scaffold51"],[0,26762,26965,1,"match_part","Scaffold51"],[0,27077,27148,1,"match_part","Scaffold51"],[0,27429,27580,1,"match_part","Scaffold51"],[0,28212,28292,1,"match_part","Scaffold51"],[0,28653,28737,1,"match_part","Scaffold51"],[0,28861,28922,1,"match_part","Scaffold51"],[0,30720,30743,-1,"match_part","Scaffold51"],[0,30744,30879,-1,"match_part","Scaffold51"],[0,31991,32081,1,"match_part","Scaffold51"],[0,32081,32825,1,"match_part","Scaffold51"],[0,32958,33077,1,"match_part","Scaffold51"],[0,33171,33949,1,"match_part","Scaffold51"],[0,34039,34141,1,"match_part","Scaffold51"],[0,34622,34711,1,"match_part","Scaffold51"],[0,34787,34911,1,"match_part","Scaffold51"],[0,34965,35059,1,"match_part","Scaffold51"],[0,35117,35273,1,"match_part","Scaffold51"],[0,35330,35463,1,"match_part","Scaffold51"],[0,35511,35578,1,"match_part","Scaffold51"],[0,35625,35748,1,"match_part","Scaffold51"],[0,35797,35943,1,"match_part","Scaffold51"],[0,36122,36197,1,"match_part","Scaffold51"],[0,36253,36332,1,"match_part","Scaffold51"],[0,36446,36486,1,"match_part","Scaffold51"],[0,36546,36624,1,"match_part","Scaffold51"],[0,37155,37234,1,"match_part","Scaffold51"],[0,37395,37521,1,"match_part","Scaffold51"],[0,37913,38011,1,"match_part","Scaffold51"],[0,38229,38329,1,"match_part","Scaffold51"],[0,38438,38542,1,"match_part","Scaffold51"],[0,38801,38917,1,"match_part","Scaffold51"],[0,39065,39149,1,"match_part","Scaffold51"],[0,39428,39458,1,"match_part","Scaffold51"],[0,39653,39732,1,"match_part","Scaffold51"],[0,40619,40696,1,"match_part","Scaffold51"],[0,40696,40737,1,"match_part","Scaffold51"],[0,51157,51308,-1,"match_part","Scaffold51"],[0,51308,51336,-1,"match_part","Scaffold51"],[0,51452,51557,-1,"match_part","Scaffold51"],[0,51728,51837,-1,"match_part","Scaffold51"],[0,52050,52100,-1,"match_part","Scaffold51"],[0,56924,57035,-1,"match_part","Scaffold51"],[0,57130,57229,-1,"match_part","Scaffold51"],[0,57486,57636,-1,"match_part","Scaffold51"],[0,57899,58040,-1,"match_part","Scaffold51"],[0,58174,58326,-1,"match_part","Scaffold51"],[0,58612,58734,-1,"match_part","Scaffold51"],[0,58798,58912,-1,"match_part","Scaffold51"],[0,58967,59041,-1,"match_part","Scaffold51"],[0,59184,59216,-1,"match_part","Scaffold51"],[0,59217,59263,-1,"match_part","Scaffold51"],[0,59535,59601,-1,"match_part","Scaffold51"],[0,59657,59748,-1,"match_part","Scaffold51"],[0,59816,59935,-1,"match_part","Scaffold51"],[0,60059,60165,-1,"match_part","Scaffold51"],[0,60262,60387,-1,"match_part","Scaffold51"],[0,60489,60598,-1,"match_part","Scaffold51"],[0,60662,60790,-1,"match_part","Scaffold51"],[0,61266,61369,-1,"match_part","Scaffold51"],[0,61542,61667,-1,"match_part","Scaffold51"],[0,61922,62025,-1,"match_part","Scaffold51"],[0,62108,62236,-1,"match_part","Scaffold51"],[0,62471,62580,-1,"match_part","Scaffold51"],[0,62693,62819,-1,"match_part","Scaffold51"],[0,63265,63334,-1,"match_part","Scaffold51"],[0,63650,63760,-1,"match_part","Scaffold51"],[0,64678,64799,-1,"match_part","Scaffold51"],[0,65151,65167,1,"match_part","Scaffold51"],[0,65541,65628,1,"match_part","Scaffold51"],[0,65631,65645,1,"match_part","Scaffold51"],[0,66102,66165,1,"match_part","Scaffold51"],[0,66165,66628,1,"match_part","Scaffold51"],[0,66653,66672,1,"match_part","Scaffold51"],[0,66680,66684,1,"match_part","Scaffold51"],[0,66685,66715,1,"match_part","Scaffold51"],[0,66715,66763,1,"match_part","Scaffold51"],[0,66763,67408,1,"match_part","Scaffold51"],[0,67411,67939,1,"match_part","Scaffold51"],[0,68455,68558,1,"match_part","Scaffold51"],[0,75363,75764,-1,"match_part","Scaffold51"],[0,87118,87235,1,"match_part","Scaffold51"],[0,87457,87537,1,"match_part","Scaffold51"],[0,87616,87732,1,"match_part","Scaffold51"],[0,96785,96790,-1,"match_part","Scaffold51"],[0,96791,96932,-1,"match_part","Scaffold51"],[0,97163,97181,-1,"match_part","Scaffold51"],[0,97182,97231,-1,"match_part","Scaffold51"],[0,97386,97505,-1,"match_part","Scaffold51"],[0,97703,97945,-1,"match_part","Scaffold51"],[0,98169,98244,-1,"match_part","Scaffold51"],[0,98820,98904,-1,"match_part","Scaffold51"],[0,99216,99354,-1,"match_part","Scaffold51"],[0,99857,100062,-1,"match_part","Scaffold51"],[0,100166,100200,-1,"match_part","Scaffold51"],[0,100201,100341,-1,"match_part","Scaffold51",{"Sublist":[[0,100280,100310,-1,"match_part","Scaffold51"]]}],[0,100846,101099,-1,"match_part","Scaffold51"],[0,101652,101718,-1,"match_part","Scaffold51"],[0,102175,102209,-1,"match_part","Scaffold51"],[0,102220,102223,-1,"match_part","Scaffold51"],[0,102492,102584,-1,"match_part","Scaffold51"],[0,103558,103678,-1,"match_part","Scaffold51"],[0,106050,106282,1,"match_part","Scaffold51"],[0,106416,106469,1,"match_part","Scaffold51"],[0,106475,106634,1,"match_part","Scaffold51"],[0,107623,107790,1,"match_part","Scaffold51"],[0,108149,108154,-1,"match_part","Scaffold51"],[0,108154,108174,-1,"match_part","Scaffold51"],