{"featureCount":313,"formatVersion":1,"histograms":{"meta":[{"arrayParams":{"chunkSize":10000,"length":103,"urlTemplate":"hist-2000-{Chunk}.json"},"basesPerBin":"2000"},{"arrayParams":{"chunkSize":10000,"length":52,"urlTemplate":"hist-4000-{Chunk}.json"},"basesPerBin":"4000"}],"stats":[{"basesPerBin":"2000","max":12,"mean":3.24271844660194},{"basesPerBin":"4000","max":16,"mean":6.17307692307692}]},"intervals":{"classes":[{"attributes":["Start","End","Strand","Name","Seq_id"],"isArrayAttr":{}},{"attributes":["Start","End","Chunk"],"isArrayAttr":{"Sublist":1}}],"count":313,"lazyClass":1,"maxEnd":204820,"minStart":10650,"nclist":[[0,10650,10910,1,"match_part","Scaffold95"],[0,11322,11435,1,"match_part","Scaffold95"],[0,11719,11907,1,"match_part","Scaffold95"],[0,12207,12416,1,"match_part","Scaffold95"],[0,12691,13045,1,"match_part","Scaffold95"],[0,13358,13429,1,"match_part","Scaffold95"],[0,13626,13786,1,"match_part","Scaffold95"],[0,13864,13957,1,"match_part","Scaffold95"],[0,14409,14515,1,"match_part","Scaffold95"],[0,14836,14901,1,"match_part","Scaffold95"],[0,16959,17102,1,"match_part","Scaffold95"],[0,18108,18344,1,"match_part","Scaffold95"],[0,29718,29813,1,"match_part","Scaffold95"],[0,30430,30718,1,"match_part","Scaffold95"],[0,30965,31029,1,"match_part","Scaffold95"],[0,41533,41591,-1,"match_part","Scaffold95"],[0,41667,41828,-1,"match_part","Scaffold95"],[0,41828,42109,-1,"match_part","Scaffold95"],[0,41981,42193,-1,"match_part","Scaffold95"],[0,42241,42344,-1,"match_part","Scaffold95"],[0,42412,42697,-1,"match_part","Scaffold95"],[0,42749,42802,-1,"match_part","Scaffold95"],[0,42867,42954,-1,"match_part","Scaffold95"],[0,43085,43254,-1,"match_part","Scaffold95"],[0,43329,43502,-1,"match_part","Scaffold95"],[0,43622,43763,-1,"match_part","Scaffold95"],[0,44779,45180,-1,"match_part","Scaffold95"],[0,45180,45262,-1,"match_part","Scaffold95"],[0,45301,45916,-1,"match_part","Scaffold95"],[0,46328,46424,-1,"match_part","Scaffold95"],[0,46536,46654,-1,"match_part","Scaffold95"],[0,47224,47269,-1,"match_part","Scaffold95"],[0,47426,47588,-1,"match_part","Scaffold95"],[0,47886,48006,-1,"match_part","Scaffold95"],[0,48080,48328,-1,"match_part","Scaffold95"],[0,48639,49106,1,"match_part","Scaffold95",{"Sublist":[[0,48996,49009,-1,"match_part","Scaffold95"],[0,49021,49038,-1,"match_part","Scaffold95"],[0,49042,49048,-1,"match_part","Scaffold95"],[0,49059,49073,-1,"match_part","Scaffold95"],[0,49079,49100,-1,"match_part","Scaffold95"]]}],[0,49115,49270,1,"match_part","Scaffold95"],[0,49508,49564,1,"match_part","Scaffold95"],[0,49652,49752,1,"match_part","Scaffold95"],[0,49762,49773,1,"match_part","Scaffold95"],[0,56238,56400,1,"match_part","Scaffold95"],[0,56485,56884,1,"match_part","Scaffold95"],[0,60182,60367,1,"match_part","Scaffold95"],[0,60605,60802,1,"match_part","Scaffold95"],[0,61021,61140,1,"match_part","Scaffold95"],[0,61384,61575,1,"match_part","Scaffold95"],[0,61638,61764,1,"match_part","Scaffold95"],[0,61844,61896,1,"match_part","Scaffold95"],[0,61903,61982,1,"match_part","Scaffold95"],[0,62155,62307,1,"match_part","Scaffold95"],[0,62930,63052,1,"match_part","Scaffold95"],[0,63270,63422,1,"match_part","Scaffold95"],[0,63941,64106,1,"match_part","Scaffold95"],[0,64275,64513,1,"match_part","Scaffold95"],[0,64711,64805,1,"match_part","Scaffold95"],[0,64955,65130,1,"match_part","Scaffold95"],[0,65361,65496,1,"match_part","Scaffold95"],[0,65645,65803,1,"match_part","Scaffold95"],[0,65885,66006,1,"match_part","Scaffold95"],[0,66084,66664,1,"match_part","Scaffold95"],[0,69732,69806,1,"match_part","Scaffold95"],[0,70185,70320,1,"match_part","Scaffold95"],[0,70521,70656,1,"match_part","Scaffold95"],[0,70740,70876,1,"match_part","Scaffold95"],[0,71207,71272,1,"match_part","Scaffold95"],[0,71778,71943,1,"match_part","Scaffold95"],[0,72331,72490,1,"match_part","Scaffold95"],[0,72673,72823,1,"match_part","Scaffold95"],[0,73657,73795,1,"match_part","Scaffold95"],[0,78857,79160,1,"match_part","Scaffold95"],[0,79372,79452,1,"match_part","Scaffold95"],[0,80041,80130,1,"match_part","Scaffold95"],[0,80754,80954,1,"match_part","Scaffold95"],[0,80917,81055,-1,"match_part","Scaffold95"],[0,80984,81055,1,"match_part","Scaffold95"],[0,81158,81279,-1,"match_part","Scaffold95"],[0,81162,81279,-1,"match_part","Scaffold95"],[0,81685,81943,-1,"match_part","Scaffold95",{"Sublist":[[0,81685,81787,-1,"match_part","Scaffold95"]]}],[0,81874,81973,-1,"match_part","Scaffold95"],[0,82341,82522,-1,"match_part","Scaffold95"],[0,82584,82716,-1,"match_part","Scaffold95"],[0,82850,82961,-1,"match_part","Scaffold95"],[0,83136,83233,-1,"match_part","Scaffold95"],[0,83488,83580,-1,"match_part","Scaffold95"],[0,83704,83992,-1,"match_part","Scaffold95"],[0,84109,84241,-1,"match_part","Scaffold95"],[0,84307,84377,-1,"match_part","Scaffold95"],[0,84436,84476,-1,"match_part","Scaffold95"],[0,84529,84661,-1,"match_part","Scaffold95"],[0,84853,85170,-1,"match_part","Scaffold95"],[0,85358,85536,-1,"match_part","Scaffold95"],[0,85836,85902,1,"match_part","Scaffold95"],[0,86321,86351,-1,"match_part","Scaffold95"],[0,86543,86724,-1,"match_part","Scaffold95"],[0,86810,86941,-1,"match_part","Scaffold95"],[0,87020,87132,-1,"match_part","Scaffold95"],[0,87300,87397,-1,"match_part","Scaffold95"],[0,87550,87642,-1,"match_part","Scaffold95"],[0,87769,87874,-1,"match_part","Scaffold95"],[0,88077,88164,-1,"match_part","Scaffold95"],[0,88300,88432,-1,"match_part","Scaffold95"],[0,88545,88615,-1,"match_part","Scaffold95"],[0,88674,88714,-1,"match_part","Scaffold95"],[0,88766,88898,-1,"match_part","Scaffold95"],[0,88961,89075,-1,"match_part","Scaffold95"],[0,89166,89288,-1,"match_part","Scaffold95"],[0,89460,89655,-1,"match_part","Scaffold95"],[0,91016,91024,1,"match_part","Scaffold95"],[0,91138,91225,1,"match_part","Scaffold95"],[0,91704,91792,1,"match_part","Scaffold95"],[0,92144,92192,1,"match_part","Scaffold95"],[0,92400,92487,1,"match_part","Scaffold95"],[0,92905,93018,1,"match_part","Scaffold95"],[0,93201,93248,1,"match_part","Scaffold95"],[0,93322,93418,1,"match_part","Scaffold95"],[0,93665,93940,1,"match_part","Scaffold95"],[0,94726,94884,1,"match_part","Scaffold95"],[0,95192,95344,1,"match_part","Scaffold95"],[0,95580,95678,1,"match_part","Scaffold95"],[0,95950,96108,1,"match_part","Scaffold95"],[0,96212,96315,1,"match_part","Scaffold95"],[0,96427,96558,1,"match_part","Scaffold95"],[0,96967,97150,1,"match_part","Scaffold95"],[0,97373,97507,1,"match_part","Scaffold95"],[0,97649,97853,1,"match_part","Scaffold95"],[0,98034,98205,1,"match_part","Scaffold95"],[0,98407,98766,1,"match_part","Scaffold95"],[0,98847,99189,1,"match_part","Scaffold95"],[0,99205,99298,-1,"match_part","Scaffold95"],[0,99533,99727,-1,"match_part","Scaffold95"],[0,99974,100086,-1,"match_part","Scaffold95"],[0,100545,100863,-1,"match_part","Scaffold95"],[0,100985,101281,-1,"match_part","Scaffold95"],[0,101462,101740,-1,"match_part","Scaffold95"],[0,101823,102139,-1,"match_part","Scaffold95"],[0,102139,102387,-1,"match_part","Scaffold95"],[0,102696,102813,-1,"match_part","Scaffold95"],[0,102866,103003,-1,"match_part","Scaffold95"],[0,103188,103256,-1,"match_part","Scaffold95"],[0,103312,103424,-1,"match_part","Scaffold95"],[0,103493,103741,-1,"match_part","Scaffold95"],[0,103896,103999,-1,"match_part","Scaffold95"],[0,104441,104681,-1,"match_part","Scaffold95"],[0,105082,105348,-1,"match_part","Scaffold95"],[0,105423,106460,-1,"match_part","Scaffold95"],[0,106523,106762,-1,"match_part","Scaffold95"],[0,106858,107129,-1,"match_part","Scaffold95"],[0,107240,107445,-1,"match_part","Scaffold95"],[0,107550,107659,-1,"match_part","Scaffold95"],[0,107715,107811,-1,"match_part","Scaffold95"],[0,107871,107979,-1,"match_part","Scaffold95"],[0,108124,108300,-1,"match_part","Scaffold95"],[0,108356,108445,-1,"match_part","Scaffold95"],[0,108534,108871,-1,"match_part","Scaffold95"],[0,109159,109348,-1,"match_part","Scaffold95"],[0,109758,109815,-1,"match_part","Scaffold95"],[0,109909,110187,-1,"match_part","Scaffold95"],[0,110414,110595,-1,