{"featureCount":283,"formatVersion":1,"histograms":{"meta":[{"arrayParams":{"chunkSize":10000,"length":104,"urlTemplate":"hist-2000-{Chunk}.json"},"basesPerBin":"2000"},{"arrayParams":{"chunkSize":10000,"length":52,"urlTemplate":"hist-4000-{Chunk}.json"},"basesPerBin":"4000"}],"stats":[{"basesPerBin":"2000","max":13,"mean":2.82692307692308},{"basesPerBin":"4000","max":21,"mean":5.55769230769231}]},"intervals":{"classes":[{"attributes":["Start","End","Strand","Name","Seq_id"],"isArrayAttr":{}},{"attributes":["Start","End","Chunk"],"isArrayAttr":{"Sublist":1}}],"count":283,"lazyClass":1,"maxEnd":206951,"minStart":5295,"nclist":[[0,5295,5357,-1,"match_part","Scaffold104"],[0,5358,5712,-1,"match_part","Scaffold104"],[0,7208,7216,-1,"match_part","Scaffold104"],[0,7217,7309,-1,"match_part","Scaffold104"],[0,7313,7318,-1,"match_part","Scaffold104"],[0,7318,7358,-1,"match_part","Scaffold104"],[0,7358,7550,-1,"match_part","Scaffold104"],[0,8692,8773,-1,"match_part","Scaffold104"],[0,11528,11556,1,"match_part","Scaffold104"],[0,11558,11563,1,"match_part","Scaffold104"],[0,11582,11590,1,"match_part","Scaffold104"],[0,11590,11628,1,"match_part","Scaffold104"],[0,11681,11700,1,"match_part","Scaffold104"],[0,11702,11743,1,"match_part","Scaffold104"],[0,11796,11805,1,"match_part","Scaffold104"],[0,11806,11978,1,"match_part","Scaffold104"],[0,12328,12480,1,"match_part","Scaffold104"],[0,12885,12995,1,"match_part","Scaffold104"],[0,13313,13423,1,"match_part","Scaffold104"],[0,13670,13812,1,"match_part","Scaffold104"],[0,14270,14437,1,"match_part","Scaffold104"],[0,14802,14946,1,"match_part","Scaffold104"],[0,15037,15098,1,"match_part","Scaffold104"],[0,15199,15277,1,"match_part","Scaffold104"],[0,16192,16330,1,"match_part","Scaffold104"],[0,16552,16723,1,"match_part","Scaffold104"],[0,17036,17145,1,"match_part","Scaffold104"],[0,17411,17554,1,"match_part","Scaffold104"],[0,17555,17592,1,"match_part","Scaffold104"],[0,19132,19154,1,"match_part","Scaffold104"],[0,19155,19283,1,"match_part","Scaffold104"],[0,19419,19568,1,"match_part","Scaffold104"],[0,19800,19904,1,"match_part","Scaffold104"],[0,20468,20578,1,"match_part","Scaffold104"],[0,20716,20892,1,"match_part","Scaffold104"],[0,20893,20919,1,"match_part","Scaffold104"],[0,20921,21286,1,"match_part","Scaffold104"],[0,21525,21633,1,"match_part","Scaffold104"],[0,21715,21775,1,"match_part","Scaffold104"],[0,22428,22635,1,"match_part","Scaffold104"],[0,22771,22926,1,"match_part","Scaffold104"],[0,23519,23629,1,"match_part","Scaffold104"],[0,23772,23885,1,"match_part","Scaffold104"],[0,24362,24504,1,"match_part","Scaffold104"],[0,24628,24795,1,"match_part","Scaffold104"],[0,25001,25389,-1,"match_part","Scaffold104"],[0,26196,26334,1,"match_part","Scaffold104"],[0,26495,26556,1,"match_part","Scaffold104"],[0,26694,26772,1,"match_part","Scaffold104"],[0,27226,27364,1,"match_part","Scaffold104"],[0,28500,28671,1,"match_part","Scaffold104"],[0,28823,28932,1,"match_part","Scaffold104"],[0,29071,29419,1,"match_part","Scaffold104"],[0,29421,29457,1,"match_part","Scaffold104"],[0,30198,30218,-1,"match_part","Scaffold104"],[0,30219,30340,-1,"match_part","Scaffold104"],[0,30352,30440,-1,"match_part","Scaffold104"],[0,30441,30541,-1,"match_part","Scaffold104"],[0,30557,30604,-1,"match_part","Scaffold104"],[0,30604,30611,-1,"match_part","Scaffold104"],[0,30720,31450,-1,"match_part","Scaffold104"],[0,31450,31463,-1,"match_part","Scaffold104"],[0,31474,31614,-1,"match_part","Scaffold104"],[0,31617,31685,-1,"match_part","Scaffold104"],[0,31692,31738,-1,"match_part","Scaffold104"],[0,31738,31798,-1,"match_part","Scaffold104"],[0,32012,32047,-1,"match_part","Scaffold104"],[0,32214,32228,-1,"match_part","Scaffold104"],[0,32346,32352,-1,"match_part","Scaffold104"],[0,32759,32825,-1,"match_part","Scaffold104"],[0,32955,32971,-1,"match_part","Scaffold104"],[0,32960,33063,-1,"match_part","Scaffold104"],[0,32972,33063,-1,"match_part","Scaffold104"],[0,33482,33527,-1,"match_part","Scaffold104"],[0,33749,33910,-1,"match_part","Scaffold104",{"Sublist":[[0,33749,33897,-1,"match_part","Scaffold104"],[0,33765,33897,-1,"match_part","Scaffold104"]]}],[0,33987,33994,-1,"match_part","Scaffold104"],[0,33987,33994,-1,"match_part","Scaffold104"],[0,34009,34299,-1,"match_part","Scaffold104",{"Sublist":[[0,34009,34101,-1,"match_part","Scaffold104"]]}],[0,34456,34486,-1,"match_part","Scaffold104"],[0,34843,35126,-1,"match_part","Scaffold104",{"Sublist":[[0,34843,34954,-1,"match_part","Scaffold104"]]}],[0,35127,35134,-1,"match_part","Scaffold104"],[0,35273,35369,-1,"match_part","Scaffold104"],[0,35836,35957,-1,"match_part","Scaffold104"],[0,36259,36318,-1,"match_part","Scaffold104"],[0,36853,36976,-1,"match_part","Scaffold104"],[0,37277,37326,-1,"match_part","Scaffold104"],[0,37740,37883,-1,"match_part","Scaffold104"],[0,38218,38410,-1,"match_part","Scaffold104"],[0,41967,42048,-1,"match_part","Scaffold104"],[0,42036,42331,-1,"match_part","Scaffold104"],[0,42331,42437,-1,"match_part","Scaffold104"],[0,42437,42476,-1,"match_part","Scaffold104"],[0,42476,42609,-1,"match_part","Scaffold104"],[0,42543,42691,-1,"match_part","Scaffold104"],[0,43036,43116,-1,"match_part","Scaffold104"],[0,43755,43963,-1,"match_part","Scaffold104"],[0,44456,44522,-1,"match_part","Scaffold104"],[0,44647,45104,-1,"match_part","Scaffold104"],[0,45294,45559,-1,"match_part","Scaffold104"],[0,45731,45796,-1,"match_part","Scaffold104"],[0,45918,46250,-1,"match_part","Scaffold104"],[0,46534,46833,-1,"match_part","Scaffold104"],[0,47460,47539,-1,"match_part","Scaffold104"],[0,47991,48098,-1,"match_part","Scaffold104"],[0,48244,48290,-1,"match_part","Scaffold104"],[0,48414,48577,-1,"match_part","Scaffold104"],[0,48670,48788,-1,"match_part","Scaffold104"],[0,48841,48985,-1,"match_part","Scaffold104"],[0,49035,49078,-1,"match_part","Scaffold104"],[0,49208,49468,-1,"match_part","Scaffold104"],[0,54246,54303,-1,"match_part","Scaffold104"],[0,54682,54760,-1,"match_part","Scaffold104"],[0,55095,55204,-1,"match_part","Scaffold104"],[0,55681,55767,-1,"match_part","Scaffold104"],[0,55872,55912,-1,"match_part","Scaffold104"],[0,56338,56405,-1,"match_part","Scaffold104"],[0,58638,59135,-1,"match_part","Scaffold104",{"Sublist":[[0,59014,59037,-1,"match_part","Scaffold104"],[0,59040,59069,-1,"match_part","Scaffold104"]]}],[0,59105,59270,-1,"match_part","Scaffold104"],[0,59698,59834,-1,"match_part","Scaffold104"],[0,59753,59834,-1,"match_part","Scaffold104"],[0,60240,60531,-1,"match_part","Scaffold104",{"Sublist":[[0,60240,60318,-1,"match_part","Scaffold104"]]}],[0,61048,61167,-1,"match_part","Scaffold104"],[0,61881,61981,-1,"match_part","Scaffold104"],[0,62137,62215,-1,"match_part","Scaffold104"],[0,62488,62617,-1,"match_part","Scaffold104"],[0,63531,63715,-1,"match_part","Scaffold104"],[0,63858,63919,-1,"match_part","Scaffold104"],[0,64087,64207,-1,"match_part","Scaffold104"],[0,64406,64454,-1,"match_part","Scaffold104"],[0,64456,64529,-1,"match_part","Scaffold104"],[0,64613,64712,-1,"match_part","Scaffold104"],[0,65430,65463,-1,"match_part","Scaffold104"],[0,65464,65493,-1,"match_part","Scaffold104"],[0,65688,65783,-1,"match_part","Scaffold104"],[0,66271,66315,-1,"match_part","Scaffold104"],[0,66371,66419,-1,"match_part","Scaffold104"],[0,69977,70031,1,"match_part","Scaffold104"],[0,70306,70313,1,"match_part","Scaffold104"],[0,70314,70390,1,"match_part","Scaffold104"],[0,70518,70578,1,"match_part","Scaffold104"],[0,70751,70833,1,"match_part","Scaffold104"],[0,71875,71973,1,"match_part","Scaffold104"],[0,72339,72418,1,"match_part","Scaffold104"],[0,73151,73218,1,"match_part","Scaffold104"],[0,73441,73551,1,"match_part","Scaffold104"],[0,73552,73556,1,"match_part","Scaffold104"],[0,74227,74290,1,"match_part","Scaffold104"],[0,75522,75595,1,"match_part","Scaffold104"],[0,75857,75953,1,"match_part","Scaffold104"],[0,76080,76143,1,"match_part","Scaffold104"],[0,76226,76294,1,"match_part","Scaffold104"],[0,76507,76662,1,"match_part","Scaffold104"],[0,76662,76759,1,"match_part","Scaffold104"],[0,85776,