{"featureCount":404,"formatVersion":1,"histograms":{"meta":[{"arrayParams":{"chunkSize":10000,"length":161,"urlTemplate":"hist-2000-{Chunk}.json"},"basesPerBin":"2000"},{"arrayParams":{"chunkSize":10000,"length":81,"urlTemplate":"hist-4000-{Chunk}.json"},"basesPerBin":"4000"}],"stats":[{"basesPerBin":"2000","max":19,"mean":2.68944099378882},{"basesPerBin":"4000","max":23,"mean":5.16049382716049}]},"intervals":{"classes":[{"attributes":["Start","End","Strand","Name","Seq_id"],"isArrayAttr":{}},{"attributes":["Start","End","Chunk"],"isArrayAttr":{"Sublist":1}}],"count":404,"lazyClass":1,"maxEnd":321605,"minStart":3416,"nclist":[[0,3416,3426,1,"match_part","Scaffold27"],[0,3426,3490,1,"match_part","Scaffold27"],[0,3490,3497,1,"match_part","Scaffold27"],[0,3565,3577,1,"match_part","Scaffold27"],[0,3923,3996,1,"match_part","Scaffold27"],[0,4040,4085,1,"match_part","Scaffold27"],[0,4085,4378,1,"match_part","Scaffold27"],[0,4436,4536,1,"match_part","Scaffold27"],[0,6684,6738,1,"match_part","Scaffold27"],[0,8887,8990,1,"match_part","Scaffold27"],[0,9451,9544,1,"match_part","Scaffold27"],[0,9722,9801,1,"match_part","Scaffold27"],[0,9913,10030,1,"match_part","Scaffold27"],[0,10144,10402,1,"match_part","Scaffold27"],[0,10707,10869,1,"match_part","Scaffold27"],[0,10880,11052,1,"match_part","Scaffold27"],[0,11558,11576,-1,"match_part","Scaffold27"],[0,11582,11610,-1,"match_part","Scaffold27"],[0,11610,11688,-1,"match_part","Scaffold27"],[0,11743,11798,-1,"match_part","Scaffold27"],[0,11917,12028,-1,"match_part","Scaffold27"],[0,12742,13287,-1,"match_part","Scaffold27"],[0,14731,14804,-1,"match_part","Scaffold27"],[0,14869,14974,-1,"match_part","Scaffold27"],[0,15523,15569,-1,"match_part","Scaffold27"],[0,15964,16056,-1,"match_part","Scaffold27"],[0,16149,16211,-1,"match_part","Scaffold27"],[0,16262,16339,-1,"match_part","Scaffold27"],[0,16509,16588,-1,"match_part","Scaffold27"],[0,17060,17151,-1,"match_part","Scaffold27"],[0,17178,17242,1,"match_part","Scaffold27"],[0,17253,17274,1,"match_part","Scaffold27"],[0,17277,17316,1,"match_part","Scaffold27"],[0,17317,17334,1,"match_part","Scaffold27"],[0,17335,17345,1,"match_part","Scaffold27"],[0,17353,17491,1,"match_part","Scaffold27"],[0,17421,17491,-1,"match_part","Scaffold27"],[0,17491,17601,-1,"match_part","Scaffold27",{"Sublist":[[0,17491,17589,1,"match_part","Scaffold27"]]}],[0,17710,17728,-1,"match_part","Scaffold27"],[0,17729,17738,-1,"match_part","Scaffold27"],[0,17829,17871,-1,"match_part","Scaffold27"],[0,17871,17933,-1,"match_part","Scaffold27"],[0,17934,18073,-1,"match_part","Scaffold27"],[0,18371,18500,-1,"match_part","Scaffold27"],[0,18845,18948,-1,"match_part","Scaffold27"],[0,19575,19703,-1,"match_part","Scaffold27"],[0,19899,20002,-1,"match_part","Scaffold27"],[0,20370,20498,-1,"match_part","Scaffold27"],[0,20753,20859,-1,"match_part","Scaffold27"],[0,21156,21272,-1,"match_part","Scaffold27"],[0,21588,21694,-1,"match_part","Scaffold27"],[0,22078,22206,-1,"match_part","Scaffold27"],[0,22948,23047,-1,"match_part","Scaffold27"],[0,23047,23052,-1,"match_part","Scaffold27"],[0,23372,23522,-1,"match_part","Scaffold27"],[0,24896,24999,-1,"match_part","Scaffold27"],[0,25784,25862,-1,"match_part","Scaffold27"],[0,25942,26026,-1,"match_part","Scaffold27"],[0,26232,26292,-1,"match_part","Scaffold27"],[0,26773,26861,-1,"match_part","Scaffold27"],[0,27469,27722,-1,"match_part","Scaffold27"],[0,27728,27876,-1,"match_part","Scaffold27"],[0,32475,32538,-1,"match_part","Scaffold27"],[0,36478,36916,-1,"match_part","Scaffold27"],[0,37079,37189,-1,"match_part","Scaffold27"],[0,37516,38518,-1,"match_part","Scaffold27"],[0,41118,41296,-1,"match_part","Scaffold27"],[0,41414,41541,-1,"match_part","Scaffold27"],[0,41725,41847,-1,"match_part","Scaffold27"],[0,41831,42171,-1,"match_part","Scaffold27"],[0,42319,42752,-1,"match_part","Scaffold27"],[0,42830,42935,-1,"match_part","Scaffold27"],[0,43766,43826,-1,"match_part","Scaffold27"],[0,50401,50423,1,"match_part","Scaffold27"],[0,50624,52016,1,"match_part","Scaffold27"],[0,52371,52643,1,"match_part","Scaffold27"],[0,52846,52951,1,"match_part","Scaffold27"],[0,53059,53164,1,"match_part","Scaffold27"],[0,53448,53559,1,"match_part","Scaffold27"],[0,53791,53899,1,"match_part","Scaffold27"],[0,54493,54604,1,"match_part","Scaffold27"],[0,54730,54844,1,"match_part","Scaffold27"],[0,54932,55046,1,"match_part","Scaffold27"],[0,55137,55242,1,"match_part","Scaffold27"],[0,55402,55823,1,"match_part","Scaffold27"],[0,56378,56961,1,"match_part","Scaffold27"],[0,57131,57218,1,"match_part","Scaffold27"],[0,57655,57973,1,"match_part","Scaffold27"],[0,58899,59579,1,"match_part","Scaffold27"],[0,59579,59759,1,"match_part","Scaffold27"],[0,59666,60313,1,"match_part","Scaffold27"],[0,60313,60438,1,"match_part","Scaffold27"],[0,60788,60881,1,"match_part","Scaffold27"],[0,61022,61073,1,"match_part","Scaffold27"],[0,61583,61790,1,"match_part","Scaffold27"],[0,61798,62326,1,"match_part","Scaffold27"],[0,62310,63559,1,"match_part","Scaffold27"],[0,63800,63876,1,"match_part","Scaffold27"],[0,63971,64205,1,"match_part","Scaffold27"],[0,64894,65078,-1,"match_part","Scaffold27"],[0,65252,65362,-1,"match_part","Scaffold27"],[0,65685,65803,-1,"match_part","Scaffold27"],[0,66061,66176,-1,"match_part","Scaffold27"],[0,66296,66400,-1,"match_part","Scaffold27"],[0,66652,66794,-1,"match_part","Scaffold27"],[0,67062,67136,-1,"match_part","Scaffold27"],[0,67486,67559,-1,"match_part","Scaffold27"],[0,67778,67842,-1,"match_part","Scaffold27"],[0,67971,68081,-1,"match_part","Scaffold27"],[0,68245,68359,-1,"match_part","Scaffold27"],[0,69002,69084,-1,"match_part","Scaffold27"],[0,69207,69278,-1,"match_part","Scaffold27"],[0,69563,69577,-1,"match_part","Scaffold27"],[0,69577,69677,-1,"match_part","Scaffold27"],[0,69955,70061,-1,"match_part","Scaffold27"],[0,70135,70143,-1,"match_part","Scaffold27"],[0,71493,71601,-1,"match_part","Scaffold27"],[0,72223,72361,-1,"match_part","Scaffold27"],[0,72678,72788,-1,"match_part","Scaffold27"],[0,73013,73090,-1,"match_part","Scaffold27"],[0,73786,73883,1,"match_part","Scaffold27"],[0,74244,74255,1,"match_part","Scaffold27"],[0,74752,74804,1,"match_part","Scaffold27"],[0,75152,75202,1,"match_part","Scaffold27"],[0,75535,75598,1,"match_part","Scaffold27"],[0,75891,75968,1,"match_part","Scaffold27"],[0,75968,75972,1,"match_part","Scaffold27"],[0,75973,75996,1,"match_part","Scaffold27"],[0,75996,76006,1,"match_part","Scaffold27"],[0,76008,76026,1,"match_part","Scaffold27"],[0,76028,76047,1,"match_part","Scaffold27"],[0,76313,76405,1,"match_part","Scaffold27"],[0,77159,77223,1,"match_part","Scaffold27"],[0,77682,77871,1,"match_part","Scaffold27"],[0,78528,78638,1,"match_part","Scaffold27"],[0,79864,79946,1,"match_part","Scaffold27"],[0,80268,80334,1,"match_part","Scaffold27"],[0,80340,80486,1,"match_part","Scaffold27"],[0,84162,84194,1,"match_part","Scaffold27"],[0,84577,84663,1,"match_part","Scaffold27"],[0,84728,84776,1,"match_part","Scaffold27"],[0,84947,84998,1,"match_part","Scaffold27"],[0,85123,85226,1,"match_part","Scaffold27"],[0,85500,85891,1,"match_part","Scaffold27",{"Sublist":[[0,85742,85890,1,"match_part","Scaffold27"]]}],[0,86338,86487,1,"match_part","Scaffold27"],[0,86627,86672,1,"match_part","Scaffold27"],[0,86833,86945,1,"match_part","Scaffold27"],[0,87070,87161,1,"match_part","Scaffold27"],[0,87606,87620,1,"match_part","Scaffold27"],[0,88112,88240,-1,"match_part","Scaffold27"],[0,88414,88453,-1,"match_part","Scaffold27"],[0,88676,88844,-1,"match_part","Scaffold27"],[0,89058,89251,-1,"match_part","Scaffold27"],[0,90480,90601,-1,"match_part","Scaffold27"],[0,90951,91081,-1,"match_part","Scaffold27"],[0,91703,91817,-1,"match_part","Scaffold27"],[0,92125,92298,-1,"match_part","Scaffold27"],[0,92563,92681,-1,"match_part","Scaffold27"],[0,92776,92941,-1,"match_part","Scaffold27"],[0,93070,93253,-1,"match_part","Scaffold27"],[0,93449,93536,-1,"match_part","Scaffold27"],[0,93805,93988,-1,"match_part","Scaffold27"],[0,94310,94382,-1,"match_part","Scaffold27"],[0,94528,94622,