{"featureCount":296,"formatVersion":1,"histograms":{"meta":[{"arrayParams":{"chunkSize":10000,"length":102,"urlTemplate":"hist-2000-{Chunk}.json"},"basesPerBin":"2000"},{"arrayParams":{"chunkSize":10000,"length":51,"urlTemplate":"hist-4000-{Chunk}.json"},"basesPerBin":"4000"}],"stats":[{"basesPerBin":"2000","max":15,"mean":3.07843137254902},{"basesPerBin":"4000","max":16,"mean":5.96078431372549}]},"intervals":{"classes":[{"attributes":["Start","End","Strand","Name","Seq_id"],"isArrayAttr":{}},{"attributes":["Start","End","Chunk"],"isArrayAttr":{"Sublist":1}}],"count":296,"lazyClass":1,"maxEnd":202346,"minStart":1481,"nclist":[[0,1481,1628,-1,"match_part","Scaffold106"],[0,4954,5119,-1,"match_part","Scaffold106"],[0,5122,5133,-1,"match_part","Scaffold106"],[0,5140,5369,-1,"match_part","Scaffold106"],[0,10001,10127,-1,"match_part","Scaffold106"],[0,10020,10127,-1,"match_part","Scaffold106"],[0,10315,10507,-1,"match_part","Scaffold106",{"Sublist":[[0,10315,10477,-1,"match_part","Scaffold106"]]}],[0,10477,10843,-1,"match_part","Scaffold106"],[0,10772,10843,-1,"match_part","Scaffold106"],[0,11125,11316,-1,"match_part","Scaffold106",{"Sublist":[[0,11125,11264,-1,"match_part","Scaffold106"]]}],[0,11455,11501,-1,"match_part","Scaffold106"],[0,11710,11837,-1,"match_part","Scaffold106"],[0,11935,12060,-1,"match_part","Scaffold106"],[0,12144,12208,-1,"match_part","Scaffold106"],[0,12600,12739,-1,"match_part","Scaffold106"],[0,13108,13750,-1,"match_part","Scaffold106"],[0,14730,14759,-1,"match_part","Scaffold106"],[0,16384,16534,-1,"match_part","Scaffold106"],[0,16534,16834,-1,"match_part","Scaffold106"],[0,16841,16930,-1,"match_part","Scaffold106"],[0,21853,21910,-1,"match_part","Scaffold106"],[0,21912,21917,-1,"match_part","Scaffold106"],[0,21948,22101,-1,"match_part","Scaffold106"],[0,22101,22355,-1,"match_part","Scaffold106"],[0,24003,24411,-1,"match_part","Scaffold106"],[0,24413,24672,-1,"match_part","Scaffold106"],[0,25510,25696,-1,"match_part","Scaffold106"],[0,32631,32652,-1,"match_part","Scaffold106"],[0,32652,32681,-1,"match_part","Scaffold106"],[0,32687,32790,-1,"match_part","Scaffold106"],[0,32796,32907,-1,"match_part","Scaffold106"],[0,32908,32999,-1,"match_part","Scaffold106"],[0,37220,37315,1,"match_part","Scaffold106"],[0,37403,37500,1,"match_part","Scaffold106"],[0,37646,37772,1,"match_part","Scaffold106"],[0,37932,38000,1,"match_part","Scaffold106"],[0,38397,38467,1,"match_part","Scaffold106",{"Sublist":[[0,38402,38414,1,"match_part","Scaffold106"]]}],[0,38564,38605,1,"match_part","Scaffold106"],[0,38741,38834,1,"match_part","Scaffold106"],[0,39061,39114,1,"match_part","Scaffold106"],[0,39267,39360,1,"match_part","Scaffold106"],[0,39587,39731,1,"match_part","Scaffold106"],[0,40004,40176,1,"match_part","Scaffold106"],[0,40403,40627,1,"match_part","Scaffold106"],[0,40822,40956,1,"match_part","Scaffold106"],[0,41331,41413,1,"match_part","Scaffold106"],[0,41836,41967,1,"match_part","Scaffold106"],[0,41920,41967,-1,"match_part","Scaffold106"],[0,42260,42394,1,"match_part","Scaffold106"],[0,42394,42444,1,"match_part","Scaffold106"],[0,42481,42512,-1,"match_part","Scaffold106"],[0,42550,42728,-1,"match_part","Scaffold106"],[0,42942,42997,-1,"match_part","Scaffold106"],[0,43279,43311,-1,"match_part","Scaffold106"],[0,43434,43520,-1,"match_part","Scaffold106"],[0,43669,43706,-1,"match_part","Scaffold106"],[0,44754,44861,-1,"match_part","Scaffold106"],[0,45092,45180,-1,"match_part","Scaffold106"],[0,45685,45796,-1,"match_part","Scaffold106"],[0,46098,46272,-1,"match_part","Scaffold106"],[0,49358,49469,1,"match_part","Scaffold106"],[0,49700,49808,1,"match_part","Scaffold106"],[0,50611,51598,1,"match_part","Scaffold106"],[0,51861,52206,-1,"match_part","Scaffold106"],[0,52976,53437,-1,"match_part","Scaffold106"],[0,53607,53612,-1,"match_part","Scaffold106"],[0,54013,54338,-1,"match_part","Scaffold106"],[0,54562,54660,-1,"match_part","Scaffold106"],[0,54884,54991,-1,"match_part","Scaffold106"],[0,55171,55306,-1,"match_part","Scaffold106"],[0,55565,55725,-1,"match_part","Scaffold106"],[0,55927,56073,-1,"match_part","Scaffold106"],[0,56306,56436,-1,"match_part","Scaffold106"],[0,56630,56780,-1,"match_part","Scaffold106"],[0,56990,57158,-1,"match_part","Scaffold106"],[0,60519,60568,-1,"match_part","Scaffold106"],[0,60665,60740,-1,"match_part","Scaffold106"],[0,60982,61137,-1,"match_part","Scaffold106"],[0,61195,61289,-1,"match_part","Scaffold106"],[0,61769,61821,-1,"match_part","Scaffold106"],[0,61885,61975,-1,"match_part","Scaffold106"],[0,62108,62213,-1,"match_part","Scaffold106"],[0,62262,62347,-1,"match_part","Scaffold106"],[0,62460,62532,-1,"match_part","Scaffold106"],[0,62603,62804,-1,"match_part","Scaffold106"],[0,62863,62886,-1,"match_part","Scaffold106"],[0,62933,62982,-1,"match_part","Scaffold106"],[0,66567,66648,-1,"match_part","Scaffold106"],[0,66880,66968,-1,"match_part","Scaffold106"],[0,67230,67403,-1,"match_part","Scaffold106"],[0,67614,67682,-1,"match_part","Scaffold106"],[0,68025,68185,-1,"match_part","Scaffold106"],[0,68186,68220,-1,"match_part","Scaffold106"],[0,68575,68746,-1,"match_part","Scaffold106"],[0,68843,68928,-1,"match_part","Scaffold106"],[0,69097,69204,-1,"match_part","Scaffold106"],[0,69302,69374,-1,"match_part","Scaffold106"],[0,69494,69688,-1,"match_part","Scaffold106"],[0,69829,70113,-1,"match_part","Scaffold106"],[0,70335,70653,-1,"match_part","Scaffold106"],[0,70938,71078,-1,"match_part","Scaffold106"],[0,71348,71410,-1,"match_part","Scaffold106"],[0,71800,71987,-1,"match_part","Scaffold106"],[0,76513,76521,-1,"match_part","Scaffold106"],[0,76528,76546,-1,"match_part","Scaffold106"],[0,76648,76818,-1,"match_part","Scaffold106"],[0,77133,77251,-1,"match_part","Scaffold106"],[0,77399,77573,-1,"match_part","Scaffold106"],[0,77789,77851,-1,"match_part","Scaffold106"],[0,77902,78076,-1,"match_part","Scaffold106"],[0,78361,78532,-1,"match_part","Scaffold106"],[0,78759,78854,-1,"match_part","Scaffold106"],[0,78986,79095,-1,"match_part","Scaffold106"],[0,79282,79361,-1,"match_part","Scaffold106"],[0,79455,79559,-1,"match_part","Scaffold106"],[0,79837,79896,-1,"match_part","Scaffold106"],[0,79970,80049,-1,"match_part","Scaffold106"],[0,80121,80280,-1,"match_part","Scaffold106"],[0,80522,80633,-1,"match_part","Scaffold106"],[0,80726,80811,-1,"match_part","Scaffold106"],[0,80968,81153,-1,"match_part","Scaffold106"],[0,81269,81393,-1,"match_part","Scaffold106"],[0,81568,81637,-1,"match_part","Scaffold106"],[0,81777,81883,-1,"match_part","Scaffold106"],[0,81949,82000,-1,"match_part","Scaffold106"],[0,82130,82228,-1,"match_part","Scaffold106"],[0,82465,82554,-1,"match_part","Scaffold106"],[0,82638,82738,-1,"match_part","Scaffold106"],[0,82883,82987,-1,"match_part","Scaffold106"],[0,83357,83472,-1,"match_part","Scaffold106"],[0,83696,83811,-1,"match_part","Scaffold106"],[0,84372,84489,-1,"match_part","Scaffold106"],[0,84791,84859,-1,"match_part","Scaffold106"],[0,84943,84988,-1,"match_part","Scaffold106"],[0,85054,85116,-1,"match_part","Scaffold106"],[0,85185,85376,-1,"match_part","Scaffold106"],[0,85452,85556,-1,"match_part","Scaffold106"],[0,85741,85887,-1,"match_part","Scaffold106"],[0,86221,86335,-1,"match_part","Scaffold106"],[0,86479,86565,-1,"match_part","Scaffold106"],[0,86643,86708,-1,"match_part","Scaffold106"],[0,86822,86931,-1,"match_part","Scaffold106"],[0,87052,87104,-1,"match_part","Scaffold106"],[0,87450,87533,-1,"match_part","Scaffold106"],[0,87618,87749,-1,"match_part","Scaffold106"],[0,88649,88754,-1,"match_part","Scaffold106"],[0,88839,88878,-1,"match_part","Scaffold106"],[0,89025,89205,-1,"match_part","Scaffold106"],[0,89959,90197,-1,"match_part","Scaffold106"],[0,90499,90564,-1,"match_part","Scaffold106"],[0,90753,91696,-1,"match_part","Scaffold106"],[0,91989,92810,1,"match_part","Scaffold106"],[0,92804,93744,1,"match_part","Scaffold106"],[0,93760,94024,1,"match_part","Scaffold106"],[0,94057,94648,1,"match_part","Scaffold106"],[0,94928,95093,1,"match_part","Scaffold106"],[0,95094,95111,1,"match_part",