{"featureCount":374,"formatVersion":1,"histograms":{"meta":[{"arrayParams":{"chunkSize":10000,"length":148,"urlTemplate":"hist-2000-{Chunk}.json"},"basesPerBin":"2000"},{"arrayParams":{"chunkSize":10000,"length":74,"urlTemplate":"hist-4000-{Chunk}.json"},"basesPerBin":"4000"}],"stats":[{"basesPerBin":"2000","max":12,"mean":2.73648648648649},{"basesPerBin":"4000","max":17,"mean":5.22972972972973}]},"intervals":{"classes":[{"attributes":["Start","End","Strand","Name","Seq_id"],"isArrayAttr":{}},{"attributes":["Start","End","Chunk"],"isArrayAttr":{"Sublist":1}}],"count":374,"lazyClass":1,"maxEnd":295385,"minStart":5951,"nclist":[[0,5951,5965,1,"match_part","Scaffold30"],[0,5966,6041,1,"match_part","Scaffold30"],[0,8620,8847,-1,"match_part","Scaffold30"],[0,8847,9036,-1,"match_part","Scaffold30"],[0,13974,13978,-1,"match_part","Scaffold30"],[0,13978,13984,-1,"match_part","Scaffold30"],[0,13989,14022,-1,"match_part","Scaffold30"],[0,14023,14392,-1,"match_part","Scaffold30"],[0,16687,16737,-1,"match_part","Scaffold30"],[0,16737,16768,-1,"match_part","Scaffold30"],[0,16768,16825,-1,"match_part","Scaffold30"],[0,17827,17968,-1,"match_part","Scaffold30"],[0,18417,18481,-1,"match_part","Scaffold30"],[0,18991,19014,-1,"match_part","Scaffold30"],[0,19289,19352,-1,"match_part","Scaffold30"],[0,19634,19750,-1,"match_part","Scaffold30"],[0,20750,20940,-1,"match_part","Scaffold30"],[0,21788,22218,1,"match_part","Scaffold30"],[0,22520,22786,1,"match_part","Scaffold30"],[0,26198,26518,1,"match_part","Scaffold30"],[0,26653,26750,1,"match_part","Scaffold30"],[0,27102,27320,1,"match_part","Scaffold30"],[0,27842,28186,1,"match_part","Scaffold30"],[0,28833,28974,1,"match_part","Scaffold30"],[0,41739,41786,1,"match_part","Scaffold30"],[0,42356,42518,1,"match_part","Scaffold30"],[0,42752,42838,1,"match_part","Scaffold30"],[0,43494,43628,1,"match_part","Scaffold30"],[0,43922,44000,1,"match_part","Scaffold30"],[0,44325,44372,-1,"match_part","Scaffold30"],[0,44376,44427,-1,"match_part","Scaffold30"],[0,45812,45846,-1,"match_part","Scaffold30"],[0,45853,45949,-1,"match_part","Scaffold30"],[0,46010,46053,-1,"match_part","Scaffold30"],[0,46053,46132,-1,"match_part","Scaffold30"],[0,46132,46136,-1,"match_part","Scaffold30"],[0,46137,46167,-1,"match_part","Scaffold30"],[0,46534,46643,-1,"match_part","Scaffold30"],[0,47250,47361,-1,"match_part","Scaffold30"],[0,47602,47697,-1,"match_part","Scaffold30"],[0,48205,48331,-1,"match_part","Scaffold30"],[0,48741,48835,-1,"match_part","Scaffold30"],[0,49674,49802,-1,"match_part","Scaffold30"],[0,50503,50606,-1,"match_part","Scaffold30"],[0,50799,50936,-1,"match_part","Scaffold30"],[0,51247,51353,-1,"match_part","Scaffold30"],[0,51969,52099,-1,"match_part","Scaffold30"],[0,52607,52712,-1,"match_part","Scaffold30"],[0,52796,52801,-1,"match_part","Scaffold30"],[0,53322,53488,-1,"match_part","Scaffold30"],[0,53816,54010,-1,"match_part","Scaffold30"],[0,54096,54164,-1,"match_part","Scaffold30"],[0,55003,55153,-1,"match_part","Scaffold30"],[0,55502,55605,-1,"match_part","Scaffold30"],[0,55786,55864,-1,"match_part","Scaffold30"],[0,56227,56311,-1,"match_part","Scaffold30"],[0,57577,57637,-1,"match_part","Scaffold30"],[0,57902,57990,-1,"match_part","Scaffold30"],[0,58265,58363,-1,"match_part","Scaffold30"],[0,58800,58879,-1,"match_part","Scaffold30"],[0,59117,59184,-1,"match_part","Scaffold30"],[0,59669,59785,-1,"match_part","Scaffold30"],[0,60515,60572,-1,"match_part","Scaffold30"],[0,60675,60742,-1,"match_part","Scaffold30"],[0,60743,60764,-1,"match_part","Scaffold30"],[0,61726,62344,-1,"match_part","Scaffold30"],[0,84401,84478,-1,"match_part","Scaffold30"],[0,84755,84896,-1,"match_part","Scaffold30"],[0,97901,98106,1,"match_part","Scaffold30"],[0,98112,98151,1,"match_part","Scaffold30"],[0,98153,98208,1,"match_part","Scaffold30"],[0,98210,98522,1,"match_part","Scaffold30"],[0,99735,99865,1,"match_part","Scaffold30"],[0,99866,99885,1,"match_part","Scaffold30"],[0,99885,99896,1,"match_part","Scaffold30"],[0,99896,99904,1,"match_part","Scaffold30"],[0,99904,99954,1,"match_part","Scaffold30"],[0,99954,99972,1,"match_part","Scaffold30"],[0,99972,99988,1,"match_part","Scaffold30"],[0,99989,100068,1,"match_part","Scaffold30"],[0,100068,100154,1,"match_part","Scaffold30"],[0,100276,100306,1,"match_part","Scaffold30"],[0,100306,100666,1,"match_part","Scaffold30"],[0,102447,102511,1,"match_part","Scaffold30"],[0,102533,102541,1,"match_part","Scaffold30"],[0,102541,102549,1,"match_part","Scaffold30"],[0,102549,102581,1,"match_part","Scaffold30"],[0,102706,102710,1,"match_part","Scaffold30"],[0,102711,102752,1,"match_part","Scaffold30"],[0,102785,102802,1,"match_part","Scaffold30"],[0,102803,102840,1,"match_part","Scaffold30"],[0,103103,103120,1,"match_part","Scaffold30"],[0,103121,103138,1,"match_part","Scaffold30"],[0,103245,103572,1,"match_part","Scaffold30"],[0,107972,108379,1,"match_part","Scaffold30"],[0,108776,108842,-1,"match_part","Scaffold30"],[0,108842,108905,-1,"match_part","Scaffold30"],[0,108905,108923,-1,"match_part","Scaffold30"],[0,108925,109038,-1,"match_part","Scaffold30"],[0,109823,109986,-1,"match_part","Scaffold30"],[0,110254,110358,-1,"match_part","Scaffold30"],[0,110476,110617,-1,"match_part","Scaffold30"],[0,110892,110979,-1,"match_part","Scaffold30"],[0,111382,111474,-1,"match_part","Scaffold30"],[0,112171,112335,-1,"match_part","Scaffold30"],[0,112629,112741,-1,"match_part","Scaffold30"],[0,112741,112750,-1,"match_part","Scaffold30"],[0,113651,113668,-1,"match_part","Scaffold30"],[0,113974,114050,-1,"match_part","Scaffold30"],[0,115069,115189,-1,"match_part","Scaffold30"],[0,115548,115690,-1,"match_part","Scaffold30"],[0,116639,116862,-1,"match_part","Scaffold30"],[0,123636,123762,1,"match_part","Scaffold30"],[0,124220,124397,1,"match_part","Scaffold30"],[0,124637,124711,1,"match_part","Scaffold30"],[0,125009,125107,1,"match_part","Scaffold30"],[0,125486,125577,1,"match_part","Scaffold30"],[0,125773,125917,1,"match_part","Scaffold30"],[0,126212,126303,1,"match_part","Scaffold30"],[0,126543,126674,1,"match_part","Scaffold30"],[0,127076,127151,1,"match_part","Scaffold30"],[0,127291,127333,1,"match_part","Scaffold30"],[0,127691,127837,1,"match_part","Scaffold30"],[0,128155,128281,1,"match_part","Scaffold30"],[0,129772,129826,1,"match_part","Scaffold30"],[0,129991,130113,1,"match_part","Scaffold30"],[0,130113,130139,1,"match_part","Scaffold30"],[0,130139,130146,1,"match_part","Scaffold30"],[0,135305,135493,-1,"match_part","Scaffold30"],[0,135914,136106,-1,"match_part","Scaffold30"],[0,136937,136943,-1,"match_part","Scaffold30"],[0,136945,136998,-1,"match_part","Scaffold30"],[0,137094,137100,-1,"match_part","Scaffold30"],[0,137412,137510,-1,"match_part","Scaffold30"],[0,137510,137519,-1,"match_part","Scaffold30"],[0,137538,137710,-1,"match_part","Scaffold30"],[0,139139,139305,-1,"match_part","Scaffold30"],[0,141804,141978,-1,"match_part","Scaffold30"],[0,142526,142710,-1,"match_part","Scaffold30"],[0,143477,143565,-1,"match_part","Scaffold30"],[0,143908,144004,-1,"match_part","Scaffold30"],[0,144086,144335,-1,"match_part","Scaffold30"],[0,144602,144806,-1,"match_part","Scaffold30"],[0,145051,145232,-1,"match_part","Scaffold30"],[0,145436,145707,-1,"match_part","Scaffold30"],[0,145947,146251,-1,"match_part","Scaffold30"],[0,147541,147986,-1,"match_part","Scaffold30"],[0,148453,148497,-1,"match_part","Scaffold30"],[0,148548,148624,-1,"match_part","Scaffold30"],[0,148893,148968,-1,"match_part","Scaffold30"],[0,150735,150744,-1,"match_part","Scaffold30"],[0,150745,150778,-1,"match_part","Scaffold30"],[0,151946,152131,-1,"match_part","Scaffold30"],[0,152364,152480,-1,"match_part","Scaffold30"],[0,152686,152858,-1,"match_part","Scaffold30"],[0,153203,153307,-1,"match_part","Scaffold30"],[0,153574,153692,-1,"match_part","Scaffold30"],[0,153807,153954,-1,"match_part","Scaffold30"],[0,154288,154399,-1,"match_part","Scaffold30"],[0,154723,154840,-1,"match_part","Scaffold30"],[0,155053,155217,-1,"match_part","Scaffold30"],[0,155400,155659,-1,